iern,school_id,school_name,region,division,district,leg_district,latitude,longitude,match_key,linear_distance_km,distance_outlier_percentile,nearby_school_count,coordinate_outlier_category
2026-13074,105726,San Mauricio Elementary School,REGION III,SAN JOSE CITY,SAN JOSE CITY WEST,2ND DISTRICT,15.6877,120.97083,regioniii_sanjose,12.392826,100,3,extreme_outlier
2026-44185,130399,Tulunan Central Elementary Schools ,REGION XII,NORTH COTABATO,TULUNAN NORTH,3RD DISTRICT,12.445803,121.442705,regionxii_northcotabato,724.805788,99.74,0,extreme_outlier
2026-42411,129201,Cauwayanan Elementary School,REGION XI,DAVAO ORIENTAL,BOSTON,1ST DISTRICT,7.8970114,126.3445294,regionxi_davaooriental,106.418294,99.4,6,extreme_outlier
2026-01504,135832,Anao Elementary School,CAR,IFUGAO,HINGYON,LONE DISTRICT,11.458133,123.200577,car_ifugao,634.661176,100,0,extreme_outlier
2026-43015,129697,Jose L. Porras Elementary School,REGION XI,DAVAO CITY,SAN ROQUE,2ND DISTRICT,24.038445,28.4776,regionxi_davao,10405.12281,100,0,extreme_outlier
2026-12781,501750,Namabbalan Integrated School,REGION II,TUGUEGARAO CITY,TUGUEGARAO EAST EDUCATIONAL ZONE,3RD DISTRICT,17.54138889,121.7861111,regionii_tuguegarao,12.073677,100,3,extreme_outlier
2026-29857,117146,CEMECO ELEMENTARY SCHOOL,NIR,NEGROS OCCIDENTAL,HINOBAAN,6TH DISTRICT,12.857745,121.677339,nir_negrosoccidental,269.054101,99.83,0,extreme_outlier
2026-15747,106657,Salcedo Elementary School,REGION III,TARLAC,SAN MANUEL,1ST DISTRICT,15.85546,120.60068,regioniii_tarlac,41.415267,100,5,extreme_outlier
2026-14110,105263,Cabileo Elementary School,REGION III,NUEVA ECIJA,CUYAPO,1ST DISTRICT,13.205482,123.07194,regioniii_nuevaecija,363.433065,99.87,0,extreme_outlier
2026-04104,322505,Mabog National High School,CARAGA,BISLIG CITY,BISLIG CITY II,2ND DISTRICT,8.2094824,126.175719,caraga_bislig,15.340464,100,3,extreme_outlier
2026-41539,301585,Panibasan National High School,REGION XI,DAVAO DE ORO,MACO NORTH,2ND DISTRICT,12.814591,121.822876,regionxi_davaodeoro,739.788349,100,0,extreme_outlier
2026-41079,203001,Limunsudan Bayug Falls Elementary School,REGION X,ILIGAN CITY,ILIGAN CITY NORTHEAST II - B DISTRICT,LONE DISTRICT,8.098495,124.529943,regionx_iligan,34.83742,99.12,0,extreme_outlier
2026-00151,134538,Paugan Primary School Annex II,REGION IX,SULU,PARANG,1ST DISTRICT,11.8052557,120.6855745,regionix_sulu,640.545042,99.34,0,extreme_outlier
2026-25675,113926,Nazareno Elementary School,REGION V,MASBATE,SAN PASCUAL NORTH,1ST DISTRICT,13.1465112,122.9932926,regionv_masbate,110.366125,99.15,8,extreme_outlier
2026-17511,107516,Papaya Elementary School,REGION IV-A,BATANGAS,NASUGBU WEST,1ST DISTRICT,14.1757214,120.6095397,iva_batangas,67.319827,99.86,3,extreme_outlier
2026-43644,129838,Dulao Elementary School,REGION XII,NORTH COTABATO,ALAMADA NORTH,1ST DISTRICT,7.5589542,124.5226992,regionxii_northcotabato,87.730406,99.36,2,extreme_outlier
2026-27241,115019,Semirara Elementary School,REGION VI,ANTIQUE,CALUYA,LONE DISTRICT,12.0691017,121.3959763,regionvi_antique,158.770012,99.44,3,extreme_outlier
2026-11304,500064,Babuyan Claro Integrated School ,REGION II,CAGAYAN,CALAYAN EAST,2ND DISTRICT,19.4876352,121.9500304,regionii_cagayan,204.938687,99.88,1,extreme_outlier
2026-10442,502710,Dalumpinas Integrated School,REGION I,SAN FERNANDO CITY,SAN FERNANDO I,1ST DISTRICT,17.720112,121.297511,regioni_sanfernando,160.563837,100,0,extreme_outlier
2026-15275,105945,Salapungan Elementary School,REGION III,PAMPANGA,CANDABA NORTH,4TH DISTRICT,15.1386459,120.9347914,regioniii_pampanga,29.164885,99.47,9,extreme_outlier
2026-41120,128148,Dona Josefa F. Celdran MS,REGION X,ILIGAN CITY,ILIGAN CITY SOUTH I - B DISTRICT,LONE DISTRICT,11.011226,122.627084,regionx_iligan,356.554892,100,0,extreme_outlier
2026-12915,103841,Sta. Rosa Elementary School,REGION II,SANTIAGO CITY,SANTIAGO SOUTH,4TH DISTRICT,16.593582,121.597388,regionii_santiago,11.257341,100,3,extreme_outlier
2026-03465,132411,Nuevo Campo Elementary School,CARAGA,SURIGAO DEL NORTE,GIGAQUIT,2ND DISTRICT,11.454496,123.86205,caraga_surigaodelnorte,257.160088,99.5,0,extreme_outlier
2026-02141,136391,Sto. Tomas Elementary School,CAR,BAGUIO CITY,DISTRICT I,LONE DISTRICT,16.3371034,120.577784,car_baguio,7.863723,100,2,extreme_outlier
2026-33573,302931,Binabag NHS,REGION VII,BOGO CITY,BOGO I,4TH DISTRICT,10.9539035,123.9611757,regionvii_bogo,10.369995,100,3,extreme_outlier
2026-00150,134537,Panglima Dammang Primary School Annex III,REGION IX,SULU,PARANG,1ST DISTRICT,11.7525769,120.6855745,regionix_sulu,634.696205,99.12,0,extreme_outlier
2026-18976,109130,Pagsangahan ES,REGION IV-A,QUEZON,SAN FRANCISCO,3RD DISTRICT,13.2035153,122.6440555,iva_quezon,136.269288,99.06,8,extreme_outlier
2026-45433,209013,Wal Elementary School,REGION XII,SULTAN KUDARAT,PALIMBANG I,2ND DISTRICT,6.178457,124.231384,regionxii_sultankudarat,75.433204,100,7,extreme_outlier
2026-27246,115026,Villarises Elementary School,REGION VI,ANTIQUE,CALUYA,LONE DISTRICT,12.077135,121.3692165,regionvi_antique,160.714669,99.81,2,extreme_outlier
2026-10142,102187,Calayab Elementary School,REGION I,LAOAG CITY,LAOAG CITY DISTRICT I,1ST DISTRICT,18.1494,120.53279,regioni_laoag,8.034409,100,8,extreme_outlier
2026-12651,104283,Isidro Paredes Elementary School ,REGION II,QUIRINO,DIFFUN I,LONE DISTRICT,12.880287,121.774239,regionii_quirino,404.868878,99.47,0,extreme_outlier
2026-38196,123945,Hibacaan Elementary School,REGION VIII,SAMAR (WESTERN SAMAR),WRIGHT II -SAN JOSE DE BUAN,2ND DISTRICT,13.694243,124.163339,regionviii_samarwesternsamar,227.446203,99.73,0,extreme_outlier
2026-04464,301538,Buenavista National High School - Lipata-Tungib Annex,MIMAROPA,MARINDUQUE,BUENAVISTA,LONE DISTRICT,13.2002041,122.0056306,mimaropa_marinduque,30.816253,99.56,5,extreme_outlier
2026-11755,103551,Dinapigue Central School,REGION II,ISABELA,PALANAN,4TH DISTRICT,16.5245254,122.2656924,regionii_isabela,79.80479,99.21,3,extreme_outlier
2026-10043,102095,Baracbac Elementary School,REGION I,"PANGASINAN II, BINALONAN",UMINGAN II,6TH DISTRICT,15.8569574,120.8498991,regioni_pangasinaniibinalonan,35.449761,99.11,5,extreme_outlier
2026-21303,125017,Bag-ong Silang Elementary School,REGION IX,ZAMBOANGA DEL SUR,DUMINGAG I,1ST DISTRICT,12.159768,122.831599,regionix_zamboangadelsur,483.941693,99.51,0,extreme_outlier
2026-03271,132220,Bay-ang Elementary School,CARAGA,SIARGAO,SOCORRO EAST DISTRICT,1ST DISTRICT,9.5699996,125.9411239,caraga_siargao,39.008368,99.31,2,extreme_outlier
2026-21653,125297,Limbayan ES,REGION IX,ZAMBOANGA DEL SUR,PITOGO,2ND DISTRICT,7.3660456,123.3994876,regionix_zamboangadelsur,53.660821,99.26,7,extreme_outlier
2026-26080,114182,Tuba ES,REGION V,SORSOGON,DONSOL WEST,1ST DISTRICT,12.991333,123.525894,regionv_sorsogon,54.407895,99.24,12,extreme_outlier
2026-13978,158509,Kambubuyugan Elementary School,REGION III,BULACAN,DONA REMEDIOS TRINIDAD,1ST DISTRICT,15.240796,121.14283,regioniii_bulacan,55.380667,99.22,4,extreme_outlier
2026-20922,124723,Lipuno Elementary School Annex - Limpapa,REGION IX,ZAMBOANGA DEL NORTE,SIBUCO,3RD DISTRICT,7.165277,121.915784,regionix_zamboangadelnorte,222.908185,99.61,3,extreme_outlier
2026-16496,106717,Dolores Elementary School,REGION III,TARLAC CITY,TARLAC NORTH DISTRICT B,2ND DISTRICT,12.881344,121.777742,regioniii_tarlac,316.384235,100,0,extreme_outlier
2026-07356,320205,Don Bosco High School ParaÃ‘aque,NCR,PARANAQUE CITY,PARANAQUE CITY DISTRICT I,1ST DISTRICT,14.588069,120.986938,ncr_paranaque,10.795785,100,0,extreme_outlier
2026-23715,173006,Patag Ibaba Elementary School,REGION V,CAMARINES NORTE,STA. ELENA,1ST DISTRICT,14.0854,122.3165,regionv_camarinesnorte,68.821929,99.37,3,extreme_outlier
2026-14510,105647,Kaunlaran Elementary School,REGION III,NUEVA ECIJA,RIZAL,2ND DISTRICT,12.890596,121.770192,regioniii_nuevaecija,328.721469,99.48,2,extreme_outlier
2026-40541,127774,Cabantian Elementary School,REGION X,MISAMIS ORIENTAL,MAGSAYSAY I (MAGSAYSAY DISTRICT),1ST DISTRICT,9.00926,125.22246,regionx_misamisoriental,91.131994,99.05,9,extreme_outlier
2026-24931,500414,Palumbanes Integrated School,REGION V,CATANDUANES,CARAMORAN NORTH,LONE DISTRICT,14.0233841,124.0455985,regionv_catanduanes,34.457534,100,0,extreme_outlier
2026-26994,114814,Logohon Primary School,REGION VI,AKLAN,MADALAG,LONE DISTRICT,11.175746,122.0862,regionvi_aklan,64.326208,100,0,extreme_outlier
2026-04790,110186,Talabaan Elementary School - Annex,MIMAROPA,OCCIDENTAL MINDORO,MAMBURAO,LONE DISTRICT,13.7889044,122.7684708,mimaropa_occidentalmindoro,242.309989,100,0,extreme_outlier
2026-42598,129359,Juan Mapayo Elementary School,REGION XI,DAVAO ORIENTAL,MANAY,1ST DISTRICT,12.918907,121.766281,regionxi_davaooriental,826.700374,99.7,0,extreme_outlier
2026-32897,119702,Talisay Elementary School,REGION VII,CEBU,SANTANDER,2ND DISTRICT,9.4508821,123.3041876,regionvii_cebu,118.301618,99.04,14,extreme_outlier
2026-24097,112582,Pasay  Elementary School,REGION V,CAMARINES SUR,DEL GALLEGO,1ST DISTRICT,13.94353,122.56109,regionv_camarinessur,87.153293,99.64,4,extreme_outlier
2026-10460,100082,P. Q. Pimentel Elementary School,REGION I,BATAC CITY,BATAC I,2ND DISTRICT,17.9961833,120.5233972,regioni_batac,10.532422,100,3,extreme_outlier
2026-20316,107714,Sta. Anastacia Elementary School,REGION IV-A,STO. TOMAS CITY,STO. TOMAS NORTH,3RD DISTRICT,14.130397,121.137005,iva_stotomas,42.771517,100,9,extreme_outlier
2026-40545,127782,Kauswagan Elementary School,REGION X,MISAMIS ORIENTAL,MAGSAYSAY I (MAGSAYSAY DISTRICT),1ST DISTRICT,9.03877,125.21272,regionx_misamisoriental,92.680893,99.53,9,extreme_outlier
2026-41478,137005,Mansinao-An Elementary School,REGION XI,DAVAO DE ORO,LAAK,2ND DISTRICT,7.9792412,125.6592617,regionxi_davaodeoro,57.888706,99.52,2,extreme_outlier
2026-16185,500766,Sitio Target Integrated School,REGION III,ANGELES CITY,WEST DISTRICT,1ST DISTRICT,15.167984,120.489995,regioniii_angeles,11.759133,100,3,extreme_outlier
2026-09385,300257,Talospatang National High School,REGION I,"PANGASINAN I, LINGAYEN",MALASIQUI II,3RD DISTRICT,12.97617,121.930042,regioni_pangasinanilingayen,385.780203,99.24,0,extreme_outlier
2026-11894,103661,Panang Elementary School,REGION II,ISABELA,SAN AGUSTIN,4TH DISTRICT,16.420447,121.737243,regionii_isabela,82.018164,99.43,9,extreme_outlier
2026-23728,309616,Bulala High School,REGION V,CAMARINES NORTE,STA. ELENA,1ST DISTRICT,16.305159,112.114577,regionv_camarinesnorte,1188.464066,100,0,extreme_outlier
2026-02833,212006,Ferdinand-Sabud Elementary School,CARAGA,AGUSAN DEL SUR,LORETO SOUTH,2ND DISTRICT,7.9854351,125.7196748,caraga_agusandelsur,67.257715,99.42,3,extreme_outlier
2026-07462,136811,Wawang Pulo Elementary School,NCR,VALENZUELA CITY,VALENZUELA CITY NORTH DISTRICT,1ST DISTRICT,14.7333747,120.9280365,ncr_valenzuela,8.843713,100,15,extreme_outlier
2026-05173,309034,Maasin High School,MIMAROPA,ORIENTAL MINDORO,BULALACAO,2ND DISTRICT,12.257179,121.38459,mimaropa_orientalmindoro,129.602023,100,3,extreme_outlier
2026-43835,130044,Montay Elementary School,REGION XII,NORTH COTABATO,LIBUNGAN WEST,1ST DISTRICT,7.283486,130.527533,regionxii_northcotabato,600.254855,99.62,0,extreme_outlier
2026-36287,303476,Pintuyan National High School,REGION VIII,SOUTHERN LEYTE,PINTUYAN,LONE DISTRICT,11.537926,123.462015,regionviii_southernleyte,217.721985,100,0,extreme_outlier
2026-01991,136305,Makilo Elementary School,CAR,MT. PROVINCE,PARACELIS,LONE DISTRICT,17.2924,121.4948,car_mt,59.064366,99.25,1,extreme_outlier
2026-39660,126932,Liong Elementary School,REGION X,CAMIGUIN,SAGAY-GUINSILIBAN,LONE DISTRICT,9.08314,124.77666,regionx_camiguin,18.719093,100,9,extreme_outlier
2026-30494,117771,Cabagtasan Elementary School ,NIR,SAN CARLOS CITY,SAN CARLOS CITY DISTRICT III,1ST DISTRICT,10.4712887,123.1988886,nir_sancarlos,23.905909,99.29,4,extreme_outlier
2026-45780,131235,Lourdes Pama Elementary School,REGION XII,TACURONG CITY,TACURONG SOUTH,1ST DISTRICT,6.576636,124.669889,regionxii_tacurong,10.363751,100,5,extreme_outlier
2026-23649,301909,Pambuhan National High School,REGION V,CAMARINES NORTE,MERCEDES,2ND DISTRICT,12.2164,119.875431,regionv_camarinesnorte,393.815081,99.69,0,extreme_outlier
2026-39571,126480,North Dalurong Elementary School,REGION X,BUKIDNON,KITAOTAO II,3RD DISTRICT,12.226803,121.692745,regionx_bukidnon,587.195668,99.85,0,extreme_outlier
2026-22604,303908,PAGADIAN CITY NATIONAL HIGH SCHOOL,REGION IX,PAGADIAN CITY,PAGADIAN CITY CENTRAL DISTRICT,1ST DISTRICT,7.772644,122.706695,regionix_pagadian,80.168683,100,0,extreme_outlier
2026-37383,122998,Mabini ES,REGION VIII,NORTHERN SAMAR,LAPINIG,2ND DISTRICT,12.3003,125.3224,regionviii_northernsamar,77.680956,99.8,6,extreme_outlier
2026-08006,100345,Tangilig Elementary School,REGION I,ILOCOS SUR,ALILEM-SUGPON,1ST DISTRICT,16.8125568,120.5601649,regioni_ilocossur,86.878021,99.01,4,extreme_outlier
2026-26481,114503,Panicuason Elementary School,REGION V,NAGA CITY,NAGA EAST DISTRICT,3RD DISTRICT,13.663652,123.318477,regionv_naga,14.83975,100,4,extreme_outlier
2026-05136,110423,Milagrosa Elementary School,MIMAROPA,ORIENTAL MINDORO,BULALACAO,2ND DISTRICT,12.281092,121.279736,mimaropa_orientalmindoro,125.46836,99.45,9,extreme_outlier
2026-00840,135294,Mallig Elementary School,CAR,APAYAO,FLORA,LONE DISTRICT,12.924594,121.910841,car_apayao,605.213773,99,0,extreme_outlier
2026-15269,105932,Cuayang Bugtong ES,REGION III,PAMPANGA,CANDABA NORTH,4TH DISTRICT,15.195458,120.922327,regioniii_pampanga,31.209544,99.65,6,extreme_outlier
2026-26766,502819,Asid Integrated School,REGION V,MASBATE CITY,MASBATE SOUTH DISTRICT 2,2ND DISTRICT,12.259559,123.549178,regionv_masbate,15.43133,100,4,extreme_outlier
2026-35691,121690,Caningag Elementary School,REGION VIII,LEYTE,MATALOM SOUTH,5TH DISTRICT,10.22052,124.81498,regionviii_leyte,97.94767,99.38,9,extreme_outlier
2026-44636,304532,Maguling National High School ,REGION XII,SARANGANI,WEST MAITUM,LONE DISTRICT,6.0989763,124.4068946,regionxii_sarangani,97.866226,99.08,6,extreme_outlier
2026-00690,135093,Batayan PS,CAR,ABRA,TUBO,LONE DISTRICT,17.2183636,120.7763958,car_abra,40.29011,99.05,1,extreme_outlier
2026-38078,303633,Tagapul-an National High School,REGION VIII,SAMAR (WESTERN SAMAR),TAGAPUL-AN,1ST DISTRICT,12.0457042,124.1608482,regionviii_samarwesternsamar,84.344135,99.06,8,extreme_outlier
2026-13365,158008,Marina Bay Elementary School,REGION III,BATAAN,MARIVELES,2ND DISTRICT,14.428446,120.5623237,regioniii_bataan,33.587909,100,10,extreme_outlier
2026-04602,502913,Buangan Integrated School,MIMAROPA,MARINDUQUE,TORRIJOS,LONE DISTRICT,14.5995,120.9842,mimaropa_marinduque,168.11014,100,0,extreme_outlier
2026-18493,301363,Paaralang Sekundarya ng Umiray (PSU),REGION IV-A,QUEZON,GEN. NAKAR,1ST DISTRICT,15.1984508,121.410893,iva_quezon,139.88433,99.79,1,extreme_outlier
2026-09736,101849,Alipangpang Elementary School,REGION I,"PANGASINAN II, BINALONAN",POZORRUBIO I,5TH DISTRICT,21.864707,196.959709,regioni_pangasinaniibinalonan,7978.468187,100,0,extreme_outlier
2026-25126,113371,Talisoy Elementary School,REGION V,CATANDUANES,VIRAC SOUTH,LONE DISTRICT,13.5211903,124.205329,regionv_catanduanes,32.728882,99.63,12,extreme_outlier
2026-38532,124259,Sta. Elena Elementary School,REGION VIII,TACLOBAN CITY,DISTRICT LEARNING CENTER I,1ST DISTRICT,11.340751,124.93519,regionviii_tacloban,12.41779,100,14,extreme_outlier
2026-17554,107840,Amuyong Elementary School,REGION IV-A,CAVITE,ALFONSO,7TH DISTRICT,14.0718,120.85108,iva_cavite,23.049478,99.38,12,extreme_outlier
2026-25417,503000,Diogenes R. Cabarles Integrated School,REGION V,MASBATE,MANDAON NORTH,2ND DISTRICT,13.841037,119.240004,regionv_masbate,502.754739,100,0,extreme_outlier
2026-08755,101012,Gumot Elementary School,REGION I,LA UNION,ROSARIO,2ND DISTRICT,16.2100612,120.4419458,regioni_launion,47.172808,99.74,10,extreme_outlier
2026-07995,100334,Caoayan Elementary School,REGION I,ILOCOS SUR,ALILEM-SUGPON,2ND DISTRICT,16.8067092,120.5417938,regioni_ilocossur,87.134028,99.21,6,extreme_outlier
2026-20124,107885,Malipay Elementary School,REGION IV-A,BACOOR CITY,BACOOR II,2ND DISTRICT,14.36205,121.00475,iva_bacoor,8.585452,100,8,extreme_outlier
2026-07408,136789,Pilar Village Elementary School,NCR,LAS PIÃ‘AS CITY,LAS PIÃ‘AS CITY II,LONE DISTRICT,14.41236,121.00633,ncr_laspias,7.64691,100,16,extreme_outlier
2026-19535,109594,Sorosoro Elementary School,REGION IV-A,BATANGAS CITY,BATANGAS CITY NORTH DISTRICT,2ND DISTRICT,13.193857,123.315466,iva_batangas,251.513083,100,0,extreme_outlier
2026-43995,130175,Miguel Intes Elementary School,REGION XII,NORTH COTABATO,MIDSAYAP CENTRAL,1ST DISTRICT,16.018354,123.505007,regionxii_northcotabato,1016.502538,100,0,extreme_outlier
2026-30963,302857,Hingotanan National High School,REGION VII,BOHOL,BIEN UNIDO,2ND DISTRICT,10.2409381,124.4870809,regionvii_bohol,94.537938,99.02,4,extreme_outlier
2026-16772,107903,Humayao Elementary School,REGION IV-A,DASMARINAS CITY,DASMARIÃ‘AS I,4TH DISTRICT,14.2641959,120.9431326,iva_dasmarinas,7.005379,100,9,extreme_outlier
2026-06819,305454,San Rafael Technological and Vocational High School,NCR,NAVOTAS,NAVOTAS DISTRICT I,LONE DISTRICT,14.636894,120.96495,ncr_navotas,2.985326,100,19,extreme_outlier
2026-32430,302976,Carnaza National High School,REGION VII,CEBU,DAANBANTAYAN I,4TH DISTRICT,11.5137954,124.0998513,regionvii_cebu,132.503189,99.65,2,extreme_outlier
2026-16654,104916,Bahay Pare Elementary School,REGION III,MEYCAUAYAN CITY,MEYCAUAYAN EAST,4TH DISTRICT,14.7672926,121.0106359,regioniii_meycauayan,5.279822,100,12,extreme_outlier
2026-39786,304022,ANDRES BERSALES SR. NATIONAL HIGH SCHOOL,REGION X,LANAO DEL NORTE,SULTAN NAGA DIMAPORO,2ND DISTRICT,12.646961,118.70349,regionx_lanaodelnorte,782.410127,100,0,extreme_outlier
2026-35853,303380,Juan Villablanca Memorial High School,REGION VIII,LEYTE,PASTRANA,2ND DISTRICT,12.88321,121.864153,regionviii_leyte,358.63035,99.84,0,extreme_outlier
2026-32900,303098,Santander National High School,REGION VII,CEBU,SANTANDER,2ND DISTRICT,9.4170777,123.3388536,regionvii_cebu,119.460728,99.21,10,extreme_outlier
2026-26616,302281,Bantayan National High School,REGION V,TABACO CITY,TABACO NORTH,1ST DISTRICT,12.940239,123.969448,regionv_tabaco,50.741363,100,0,extreme_outlier
2026-18679,108880,Mambog Elementary School ,REGION IV-A,QUEZON,MACALELON,3RD DISTRICT,12.530044,124.285813,iva_quezon,326.336107,100,0,extreme_outlier
2026-31628,118596,Kabangkalan Elementary School ,REGION VII,BOHOL,PRES. C. P. GARCIA,2ND DISTRICT,10.1021241,124.6014659,regionvii_bohol,95.20345,99.2,12,extreme_outlier
2026-13359,104643,Ipag Elementary School,REGION III,BATAAN,MARIVELES,3RD DISTRICT,14.4297841,120.47826,regioniii_bataan,33.514343,99.53,14,extreme_outlier
2026-07523,305449,Potrero National High School ,NCR,MALABON CITY,MALABON DISTRICT IV,LONE DISTRICT,13.277373,121.217651,ncr_malabon,156.173121,100,0,extreme_outlier
2026-07256,136677,Nangka Elementary School,NCR,MARIKINA CITY,MARIKINA CITY DISTRICT II,2ND DISTRICT,14.67325,121.10841,ncr_marikina,4.859444,100,24,extreme_outlier
2026-17891,108193,San Andres Elementary School,REGION IV-A,LAGUNA,ALAMINOS,3RD DISTRICT,14.0597297,121.2180864,iva_laguna,32.416808,99.42,14,extreme_outlier
2026-06302,305527,Tara High School,MIMAROPA,PALAWAN,CORON INLAND,1ST DISTRICT,12.283867,120.363496,mimaropa_palawan,373.793208,99.28,2,extreme_outlier
2026-07105,136593,Kalayaan Elementary School ,NCR,PASAY CITY,PASAY CITY SOUTH DISTRICT,LONE DISTRICT,14.505,121.0298,ncr_pasay,5.389699,100,13,extreme_outlier
2026-31635,118605,Tilmobo ES,REGION VII,BOHOL,PRES. C. P. GARCIA,2ND DISTRICT,10.124045,124.641158,regionvii_bohol,100.18306,99.82,4,extreme_outlier
2026-14841,300913,Salapungan National High School,REGION III,PAMPANGA,CANDABA EAST,4TH DISTRICT,15.1377493,120.9328683,regioniii_pampanga,28.935709,99.12,9,extreme_outlier
2026-31627,118595,Gaus ES,REGION VII,BOHOL,PRES. C. P. GARCIA,2ND DISTRICT,10.1955348,124.566332,regionvii_bohol,97.886022,99.64,1,extreme_outlier
2026-32307,119201,Santikan Elementary School,REGION VII,CEBU,CARMEN,5TH DISTRICT,15.176876,115.857024,regionvii_cebu,1024.513398,100,0,extreme_outlier
2026-35695,121694,Monte Alegre Elementary School,REGION VIII,LEYTE,MATALOM SOUTH,5TH DISTRICT,10.261899,124.8631706,regionviii_leyte,94.992617,99.07,6,extreme_outlier
2026-27047,310603,LAMBERTO H. TIROL NATIONAL HIGH SCHOOL,REGION VI,AKLAN,MALAY,LONE DISTRICT,11.99147,121.91616,regionvi_aklan,54.942594,99.47,3,extreme_outlier
2026-04216,304844,Sering National High School,CARAGA,DINAGAT ISLAND,RIZAL,LONE DISTRICT,7.351571,125.441895,caraga_dinagatisland,312.435114,99.31,0,extreme_outlier
2026-16307,305991,San Isidro National High School,REGION III,CITY OF SAN JOSE DEL MONTE,SAN JOSE DEL MONTE EAST,LONE DISTRICT,14.82371,121.14173,regioniii_sanjosedelmonte,11.124667,100,6,extreme_outlier
2026-45430,131184,Lupoken Elementary School,REGION XII,SULTAN KUDARAT,PALIMBANG I,2ND DISTRICT,6.1937468,124.2178016,regionxii_sultankudarat,75.152076,99.02,7,extreme_outlier
2026-38855,121146,Maybog Elementary School,REGION VIII,BAYBAY CITY,BAYBAY IV,5TH DISTRICT,10.84518,124.74722,regionviii_baybay,19.837697,100,2,extreme_outlier
2026-11630,501676,Isabela SPED Center Extension ( School for the Deaf),REGION II,ISABELA,GAMU,2ND DISTRICT,14.127031,122.193604,regionii_isabela,337.072129,99.66,0,extreme_outlier
2026-20246,107944,Angel L. Bawalan Elementary School.,REGION IV-A,GENERAL TRIAS CITY,GENERAL TRIAS I,6TH DISTRICT,14.227349,120.907759,iva_generaltrias,16.576196,100,3,extreme_outlier
2026-09020,300171,Beleng National High School,REGION I,"PANGASINAN I, LINGAYEN",BAYAMBANG I,3RD DISTRICT,12.879489,121.774209,regioni_pangasinanilingayen,387.831968,99.55,1,extreme_outlier
2026-07998,100337,Danac Elementary School,REGION I,ILOCOS SUR,ALILEM-SUGPON,2ND DISTRICT,16.77910917,120.5400828,regioni_ilocossur,90.120377,99.6,4,extreme_outlier
2026-16121,307110,Batiawan Integrated School Annex,REGION III,ZAMBALES,SUBIC,1ST DISTRICT,14.946498,120.448719,regioniii_zambales,65.168362,99.05,1,extreme_outlier
2026-36610,122558,Cagusu-an Elementary School,REGION VIII,EASTERN SAMAR,GUIUAN SOUTH,LONE DISTRICT,10.7217,125.81682,regionviii_easternsamar,106.359746,99.78,0,extreme_outlier
2026-33846,120328,Nasunggan ES,NIR,NEGROS ORIENTAL,LA LIBERTAD,1ST DISTRICT,10.09793,123.13489,nir_negrosoriental,89.145682,99.22,8,extreme_outlier
2026-30216,181003,Kabugwason Elementary School,NIR,BACOLOD CITY,BACOLOD CITY IV DISTRICT,LONE DISTRICT,12.40462,122.936497,nir_bacolod,193.438317,100,0,extreme_outlier
2026-34781,120855,Viga Elementary school,REGION VIII,BILIRAN,MARIPIPI,LONE DISTRICT,11.8059196,124.3064583,regionviii_biliran,27.716427,100,8,extreme_outlier
2026-09950,102025,Camangaan Elementary School,REGION I,"PANGASINAN II, BINALONAN",SISON,5TH DISTRICT,15.211585,120.777254,regioni_pangasinaniibinalonan,95.698958,99.29,0,extreme_outlier
2026-11813,500067,Dolores Integrated School,REGION II,ISABELA,QUIRINO,2ND DISTRICT,12.411775,122.311393,regionii_isabela,528.171244,99.89,0,extreme_outlier
2026-40374,127299,Liloan Central School ,REGION X,MISAMIS OCCIDENTAL,BONIFACIO WEST,2ND DISTRICT,8.0501033,123.5654936,regionx_misamisoccidental,55.178747,99.11,9,extreme_outlier
2026-02817,131719,Datu Subla Elementary School,CARAGA,AGUSAN DEL SUR,LORETO SOUTH,2ND DISTRICT,7.9691524,125.755297,caraga_agusandelsur,67.692499,99.62,3,extreme_outlier
2026-17517,307718,Balaytigue National High School,REGION IV-A,BATANGAS,NASUGBU WEST,1ST DISTRICT,14.1309091,120.5974859,iva_batangas,65.011365,99.43,4,extreme_outlier
2026-39226,126527,Palabucan Elementary School,REGION X,BUKIDNON,LIBONA,1ST DISTRICT,12.909271,121.830445,regionx_bukidnon,638.576034,100,0,extreme_outlier
2026-28771,116200,Asluman Elementary School,REGION VI,ILOILO,CARLES,5TH DISTRICT,11.6189354,123.352317,regionvi_iloilo,132.932547,99.57,5,extreme_outlier
2026-32798,303079,PITALO National High School,REGION VII,CEBU,SAN FERNANDO,1ST DISTRICT,8.023409,124.117114,regionvii_cebu,258.53149,99.83,0,extreme_outlier
2026-25724,502975,Panisijan Integrated School,REGION V,MASBATE,USON-NORTH,3RD DISTRICT,14.5995,120.9842,regionv_masbate,378.40315,99.86,0,extreme_outlier
2026-34617,120633,Maglahos Elementary School,NIR,GUIHULNGAN CITY,VALLEHERMOSO,1ST DISTRICT,10.39952,123.27242,nir_guihulngan,31.232745,100,7,extreme_outlier
2026-41489,305775,Datu Davao National High School,REGION XI,DAVAO DE ORO,LAAK,2ND DISTRICT,7.979253,125.661879,regionxi_davaodeoro,57.707496,99.28,3,extreme_outlier
2026-29556,501357,Don Juan B. Celino Integrated School,REGION VI,ROXAS CITY,ROXAS CITY DISTRICT III,1ST DISTRICT,11.4850819,122.7386049,regionvi_roxas,11.660959,100,8,extreme_outlier
2026-33828,120310,Agbobolo ES (Aya ES),NIR,NEGROS ORIENTAL,LA LIBERTAD,1ST DISTRICT,10.12621,123.119191,nir_negrosoriental,92.581226,100,4,extreme_outlier
2026-06291,110996,Tara Elementary School,MIMAROPA,PALAWAN,CORON INLAND,1ST DISTRICT,12.271724,120.3632213,mimaropa_palawan,372.635059,99.16,2,extreme_outlier
2026-33317,312806,Mandaue City School for the Arts,REGION VII,MANDAUE CITY,MANDAUE CITY WEST DISTRICT,6TH DISTRICT,10.384933,123.927807,regionvii_mandaue,6.905076,100,27,extreme_outlier
2026-25692,500161,Iniwaran Integrated School,REGION V,MASBATE,SAN PASCUAL NORTH,1ST DISTRICT,13.1528716,122.8733493,regionv_masbate,119.461437,99.58,0,extreme_outlier
2026-34783,303334,Viga National High School,REGION VIII,BILIRAN,MARIPIPI,LONE DISTRICT,11.80210959,124.2994559,regionviii_biliran,27.662431,99.3,6,extreme_outlier
2026-30680,117055,Dian-ay Elementary School,NIR,ESCALANTE CITY,ESCALANTE II,1ST DISTRICT,10.76159,123.37164,nir_escalante,16.026708,100,2,extreme_outlier
2026-14067,137212,Enrique P. Rivera Jr. Elementary School,REGION III,NUEVA ECIJA,CABIAO,4TH DISTRICT,15.2015404,120.8830293,regioniii_nuevaecija,59.326792,99.08,4,extreme_outlier
2026-10075,102122,Maburac Elementary School,REGION I,"PANGASINAN II, BINALONAN",VILLASIS I,5TH DISTRICT,10.7831,121.485101,regioni_pangasinaniibinalonan,593.928413,99.82,0,extreme_outlier
2026-08761,101019,Udiao Elementary School,REGION I,LA UNION,ROSARIO,2ND DISTRICT,16.217752,120.502845,regioni_launion,48.462783,100,8,extreme_outlier
2026-12488,104199,Galintuja Elementary School,REGION II,NUEVA VIZCAYA,ALFONSO CASTAÃ‘EDA,LONE DISTRICT,15.81112576,121.323751,regionii_nuevavizcaya,76.788796,99.48,3,extreme_outlier
2026-45906,503030,SISIMON INTEGRATED SCHOOL,CARAGA,AGUSAN DEL SUR,VERUELA II,1ST DISTRICT,7.941576,125.832753,caraga_agusandelsur,68.700939,99.81,2,extreme_outlier
2026-33186,303145,Inayawan National High School,REGION VII,CEBU CITY,SOUTH DISTRICT 7,2ND DISTRICT,10.2,123.8,regionvii_cebu,18.866213,99.07,0,extreme_outlier
2026-41903,137009,Balulon Elementary School,REGION XI,DAVAO DEL NORTE,KAPALONG EAST,1ST DISTRICT,7.966906,125.474403,regionxi_davaodelnorte,102.25705,99.24,1,extreme_outlier
2026-20803,503009,Kalucap Integrated School,REGION IX,ZAMBOANGA DEL NORTE,SALUG I,3RD DISTRICT,14.5995,120.9842,regionix_zamboangadelnorte,716.74026,100,0,extreme_outlier
2026-17179,301109,Looc National High School,REGION IV-A,BATANGAS,NASUGBU EAST,1ST DISTRICT,14.16207,120.63372,iva_batangas,64.384302,99.15,6,extreme_outlier
2026-04459,109918,Tungib Elementary School,MIMAROPA,MARINDUQUE,BUENAVISTA,LONE DISTRICT,13.2030975,122.0005292,mimaropa_marinduque,30.543472,99.13,6,extreme_outlier
2026-34343,120160,Mandu-aw Elementary School,NIR,BAYAWAN CITY,BAYAWAN WEST,3RD DISTRICT,9.6891237,122.8253741,nir_bayawan,36.50187,99.05,5,extreme_outlier
2026-24532,306377,San Antonio National High School,REGION V,CAMARINES SUR,PASACAO,2ND DISTRICT,13.8950619,121.2969674,regionv_camarinessur,215.983717,100,0,extreme_outlier
2026-33850,120332,Pitogo Elementary School,NIR,NEGROS ORIENTAL,LA LIBERTAD,1ST DISTRICT,10.0809773,123.0917277,nir_negrosoriental,88.409751,99.03,6,extreme_outlier
2026-18975,109129,Gregorio G. Edano Sr. Elementary School,REGION IV-A,QUEZON,SAN FRANCISCO,3RD DISTRICT,13.1722925,122.6179371,iva_quezon,136.282662,99.16,7,extreme_outlier
2026-25679,113937,Sulficio Elliot Elementary School,REGION V,MASBATE,SAN PASCUAL NORTH,1ST DISTRICT,13.118029,122.937357,regionv_masbate,111.903485,99.29,7,extreme_outlier
2026-30381,117645,Miguel S. Mondia Elementary School,NIR,LA CARLOTA CITY,LA CARLOTA CITY DISTRICT   III,4TH DISTRICT,10.397398,123.076209,nir_lacarlota,17.640716,100,4,extreme_outlier
2026-35702,303370,Esperanza National High School,REGION VIII,LEYTE,MATALOM SOUTH,5TH DISTRICT,10.2362344,124.7945108,regionviii_leyte,95.718045,99.14,14,extreme_outlier
2026-06295,130323,Napuagan Elementary School,MIMAROPA,PALAWAN,CORON INLAND,1ST DISTRICT,12.2938856,120.35549,mimaropa_palawan,374.275369,99.52,2,extreme_outlier
2026-40906,127973,Besigan Elementary School,REGION X,CAGAYAN DE ORO CITY,CAGAYAN DE ORO CITY SOUTHWEST DISTRICT II,1ST DISTRICT,8.1741569,124.5662447,regionx_cagayandeoro,30.014266,99.13,2,extreme_outlier
2026-17889,108191,Palma Elementary School,REGION IV-A,LAGUNA,ALAMINOS,3RD DISTRICT,14.034106,121.2296426,iva_laguna,33.822061,100,12,extreme_outlier
2026-38648,122164,Libertad Elementary School,REGION VIII,MAASIN CITY,MAASIN CITY IV,LONE DISTRICT,10.236071,124.942644,regionviii_maasin,16.659542,100,7,extreme_outlier
2026-40543,127776,Cadena De Amor Elementary School,REGION X,MISAMIS ORIENTAL,MAGSAYSAY I (MAGSAYSAY DISTRICT),1ST DISTRICT,9.0258306,125.2216691,regionx_misamisoriental,92.353991,99.29,9,extreme_outlier
2026-03801,132816,Tigbawan Primary School,CARAGA,SURIGAO DEL SUR,LINGIG I,2ND DISTRICT,7.8986111,126.3536111,caraga_surigaodelsur,132.887559,100,2,extreme_outlier
2026-13979,158511,Kawit ES,REGION III,BULACAN,DONA REMEDIOS TRINIDAD,3RD DISTRICT,15.242908,121.149361,regioniii_bulacan,56.007943,99.41,3,extreme_outlier
2026-42905,137081,New Tawas Elementary School,REGION XI,DAVAO CITY,MARILOG,3RD DISTRICT,7.5228603,125.2221444,regionxi_davao,65.799258,99.54,2,extreme_outlier
2026-28097,115775,Buri PS,REGION VI,CAPIZ,TAPAZ EAST,2ND DISTRICT,11.209742,122.399744,regionvi_capiz,58.116065,99.79,2,extreme_outlier
2026-26443,310206,Cagbacong High School,REGION V,LEGASPI CITY,ALBAY II DISTRICT,2ND DISTRICT,13.009264,123.785026,regionv_legaspi,15.542937,100,4,extreme_outlier
2026-07930,100276,Barcelona Elementary School,REGION I,ILOCOS NORTE,SOLSONA,2ND DISTRICT,12.876823,121.970601,regioni_ilocosnorte,610.532569,99.73,0,extreme_outlier
2026-16412,229001,Sapang Kawayan Elementary School,REGION III,GAPAN CITY,GAPAN NORTH,4TH DISTRICT,15.284803,121.089111,regioniii_gapan,15.421703,100,2,extreme_outlier
2026-44928,316701,Surallah National High School,REGION XII,SOUTH COTABATO,SURALLAH NORTH,2ND DISTRICT,5.88755,124.9228,regionxii_southcotabato,68.297109,99.74,0,extreme_outlier
2026-01289,135641,Baguyos PS,CAR,BENGUET,MANKAYAN,LONE DISTRICT,16.91854,120.76292,car_benguet,57.791373,99.07,7,extreme_outlier
2026-38906,126558,Bangcud Central School,REGION X,MALAYBALAY CITY,MALAYBALAY CITY DISTRICT VII,2ND DISTRICT,12.885835,121.787434,regionx_malaybalay,642.451171,100,0,extreme_outlier
2026-07291,136715,Palanan Elementary School,NCR,MAKATI CITY,MAKATI CITY DISTRICT VI,1ST DISTRICT,14.5606851,121.0015,ncr_makati,4.484228,100,22,extreme_outlier
2026-27249,310705,Semirara National High School,REGION VI,ANTIQUE,CALUYA,LONE DISTRICT,12.068877,121.395304,regionvi_antique,158.774546,99.63,3,extreme_outlier
2026-26084,302206,Sta. Cruz National High School,REGION V,SORSOGON,DONSOL WEST,1ST DISTRICT,12.9892636,123.4854475,regionv_sorsogon,58.787883,100,3,extreme_outlier
2026-30299,117533,Hiyang-Hiyang Elementary School,NIR,CADIZ CITY,CADIZ CITY I DISTRICT,2ND DISTRICT,10.7447113,123.2363246,nir_cadiz,24.981939,100,1,extreme_outlier
2026-32896,119701,SANTANDER CENTRAL ELEMENTARY SCHOOL,REGION VII,CEBU,SANTANDER,2ND DISTRICT,9.4174311,123.3341187,regionvii_cebu,119.694622,99.3,11,extreme_outlier
2026-24098,112583,Sabang ES,REGION V,CAMARINES SUR,DEL GALLEGO,1ST DISTRICT,13.8972521,122.5894128,regionv_camarinessur,82.048759,99.18,6,extreme_outlier
2026-06901,136466,V. E. Fugoso Memorial Elementary School,NCR,MANILA,SAMPALOC V,4TH DISTRICT,14.6657716,121.1176888,ncr_manila,16.636696,99.05,1,extreme_outlier
2026-26709,111839,Catburawan Elementary School,REGION V,LIGAO CITY,LIGAO SOUTH DISTRICT,3RD DISTRICT,13.0160252,123.3158937,regionv_ligao,34.826805,100,2,extreme_outlier
2026-10388,101181,Lucap ES,REGION I,ALAMINOS CITY,DISTRICT III,1ST DISTRICT,16.100652,120.186704,regioni_alaminos,21.584765,100,0,extreme_outlier
2026-09352,101558,Bongar Elementary School,REGION I,"PANGASINAN I, LINGAYEN",MALASIQUI II,3RD DISTRICT,12.879299,121.773182,regioni_pangasinanilingayen,387.80381,99.4,1,extreme_outlier
2026-31645,501128,Sto. Rosario Integrated School,REGION VII,BOHOL,PRES. C. P. GARCIA,2ND DISTRICT,10.1119627,124.5986527,regionvii_bohol,95.511463,99.29,13,extreme_outlier
2026-11906,300534,Dorganda High School,REGION II,ISABELA,SAN AGUSTIN,4TH DISTRICT,16.441196,121.735962,regionii_isabela,79.783454,99.1,13,extreme_outlier
2026-27044,114856,Yapak Elementary School,REGION VI,AKLAN,MALAY,LONE DISTRICT,11.9910092,121.9159565,regionvi_aklan,54.930854,99.21,3,extreme_outlier
2026-05769,306349,Tagumpay High School,MIMAROPA,PALAWAN,CORON COASTAL,1ST DISTRICT,7.4470641,125.8094312,mimaropa_palawan,828.42025,100,0,extreme_outlier
2026-37384,122999,May-igot ES,REGION VIII,NORTHERN SAMAR,LAPINIG,2ND DISTRICT,12.2956007,125.3269756,regionviii_northernsamar,78.308325,100,5,extreme_outlier
2026-38514,124182,L. Cabahug Elementary School,REGION VIII,ORMOC CITY,ORMOC VI,4TH DISTRICT,11.1440107,124.5310521,regionviii_ormoc,17.272638,100,5,extreme_outlier
2026-33466,306277,City of Tagbilaran National High School,REGION VII,TAGBILARAN CITY,TAGBILARAN CITY,1ST DISTRICT,9.684242,123.898643,regionvii_tagbilaran,4.471795,100,8,extreme_outlier
2026-41240,304052,Senote National High School,REGION X,OROQUIETA CITY,NORTHWEST DISTRICT,1ST DISTRICT,12.863054,121.752203,regionx_oroquieta,535.568908,100,0,extreme_outlier
2026-45561,210006,Bagong Silang Elementary School,REGION XII,GENERAL SANTOS CITY,SOUTH FATIMA,1ST DISTRICT,6.0883,124.94326,regionxii_generalsantos,27.304151,100,3,extreme_outlier
2026-37939,123708,San Jorge Central Elementary School,REGION VIII,SAMAR (WESTERN SAMAR),SAN JORGE,1ST DISTRICT,13.319128,117.642148,regionviii_samarwesternsamar,804.593181,100,0,extreme_outlier
2026-11519,501316,Taliktik Integrated School,REGION II,ISABELA,CORDON NORTH,4TH DISTRICT,-66.553673,112.588055,regionii_isabela,9338.784773,100,0,extreme_outlier
2026-21576,125231,Bibilop ES,REGION IX,ZAMBOANGA DEL SUR,MIDSALIP,1ST DISTRICT,12.961889,122.652029,regionix_zamboangadelsur,575.004481,99.75,0,extreme_outlier
2026-36156,122057,Salvacion Elementary School,REGION VIII,SOUTHERN LEYTE,SILAGO,LONE DISTRICT,10.5692664,125.1854968,regionviii_southernleyte,60.77029,99.13,4,extreme_outlier
2026-45419,131166,Baranayan Elementary School,REGION XII,SULTAN KUDARAT,PALIMBANG I,2ND DISTRICT,6.2035019,124.204022,regionxii_sultankudarat,75.397391,99.75,8,extreme_outlier
2026-18489,108725,Umiray ES,REGION IV-A,QUEZON,GEN. NAKAR,1ST DISTRICT,15.21107832,121.4152615,iva_quezon,141.177282,99.9,1,extreme_outlier
2026-05927,301660,Alimanguan National High School,MIMAROPA,PALAWAN,SAN VICENTE,1ST DISTRICT,12.889808,121.760739,mimaropa_palawan,520.021152,99.64,0,extreme_outlier
2026-01285,135636,Am-am ES,CAR,BENGUET,MANKAYAN,LONE DISTRICT,16.90283,120.83969,car_benguet,58.538433,99.53,8,extreme_outlier
2026-12820,103205,Villa Flor Elementary School,REGION II,CAUAYAN CITY,CAUAYAN EAST DISTRICT,3RD DISTRICT,16.7478889,121.9462592,regionii_cauayan,30.343667,100,0,extreme_outlier
2026-26077,114179,Sta. Cruz ES,REGION V,SORSOGON,DONSOL WEST,1ST DISTRICT,12.987297,123.488368,regionv_sorsogon,58.470323,99.81,4,extreme_outlier
2026-33853,120335,Tala-on Elementary School ,NIR,NEGROS ORIENTAL,LA LIBERTAD,1ST DISTRICT,10.1095995,123.1140054,nir_negrosoriental,90.90506,99.81,6,extreme_outlier
2026-31764,118721,Magsaysay ES,REGION VII,BOHOL,TALIBON I,2ND DISTRICT,12.850645,121.763789,regionvii_bohol,422.026693,100,0,extreme_outlier
2026-01794,220530,Babbanoy Elementary School,CAR,KALINGA,UPPER TANUDAN,LONE DISTRICT,16.211194,120.819806,car_kalinga,149.099385,100,0,extreme_outlier
2026-07214,136656,Dona Basilisa Yangco Elementary School,NCR,MANDALUYONG CITY,MANDALUYONG CITY DISTRICT I,LONE DISTRICT,14.5802475,121.0186455,ncr_mandaluyong,3.319771,100,23,extreme_outlier
2026-26562,500463,Sto. Nino Integrated School,REGION V,SORSOGON CITY,BACON WEST,1ST DISTRICT,13.111869,123.936724,regionv_sorsogon,17.227117,100,1,extreme_outlier
2026-38716,123421,Cagutsan Elementary School,REGION VIII,CATBALOGAN CITY,CATBALOGAN V,2ND DISTRICT,11.8191078,124.6828338,regionviii_catbalogan,22.388539,100,6,extreme_outlier
2026-14317,300835,Putlod-San Jose National High School,REGION III,NUEVA ECIJA,JAEN,4TH DISTRICT,12.87699,121.782961,regioniii_nuevaecija,330.556173,99.74,2,extreme_outlier
2026-15758,500733,San Agustin Integrated School,REGION III,TARLAC,SAN MANUEL,1ST DISTRICT,15.838755,120.6060631,regioniii_tarlac,39.5798,99.8,13,extreme_outlier
2026-00259,252534,Laminusa Laud Elementary School-2,REGION IX,SULU,LAMINUSA,2ND DISTRICT,14.7098065,120.944681,regionix_sulu,962.600753,99.78,0,extreme_outlier
2026-36622,303508,Homonhon National High School,REGION VIII,EASTERN SAMAR,GUIUAN SOUTH,LONE DISTRICT,10.7368712,125.720053,regionviii_easternsamar,101.104421,99.35,4,extreme_outlier
2026-33544,502083,Sacsac Integrated School,REGION VII,CARCAR CITY,CARCAR I,1ST DISTRICT,10.195821,123.626766,regionvii_carcar,10.141122,100,9,extreme_outlier
2026-28116,115796,Siya ES,REGION VI,CAPIZ,TAPAZ EAST,2ND DISTRICT,11.223748,122.338001,regionvi_capiz,61.962641,100,1,extreme_outlier
2026-26065,114166,Malapoc ES,REGION V,SORSOGON,DONSOL WEST,1ST DISTRICT,12.9771373,123.5330098,regionv_sorsogon,53.640996,99.05,13,extreme_outlier
2026-34653,120216,Tabalogo Elementary School,NIR,CANLAON CITY,CANLAON CITY,1ST DISTRICT,10.3239282,123.1922427,nir_canlaon,7.765771,100,7,extreme_outlier
2026-14512,105649,Maligaya Elementary School,REGION III,NUEVA ECIJA,RIZAL,2ND DISTRICT,16.401555,114.926695,regioniii_nuevaecija,645.898783,100,0,extreme_outlier
2026-06424,111299,Bakhawan Elementary School,MIMAROPA,ROMBLON,CONCEPCION,LONE DISTRICT,12.94101,121.69256,mimaropa_romblon,74.630222,99.63,10,extreme_outlier
2026-17820,108144,Kalabuso Elementary School,REGION IV-A,CAVITE,TAGAYTAY CITY,7TH DISTRICT,14.149046,121.032679,iva_cavite,22.87977,99.07,8,extreme_outlier
2026-13907,105131,Sampaloc Elementary School,REGION III,BULACAN,SAN RAFAEL,3RD DISTRICT,10.332934,124.475098,regioniii_bulacan,640.671702,100,0,extreme_outlier
2026-26074,114176,San Rafael Elementary School,REGION V,SORSOGON,DONSOL WEST,1ST DISTRICT,12.971376,123.509998,regionv_sorsogon,56.148368,99.62,7,extreme_outlier
2026-44827,208513,Purok OsmeÃ‘a Elementary School,REGION XII,SOUTH COTABATO,NORALA,3RD DISTRICT,13.233433,119.555208,regionxii_southcotabato,946.530768,100,0,extreme_outlier
2026-40552,315322,Damayuhan National High School,REGION X,MISAMIS ORIENTAL,MAGSAYSAY I (MAGSAYSAY DISTRICT),1ST DISTRICT,9.065912,125.184563,regionx_misamisoriental,92.780648,99.76,5,extreme_outlier
2026-00256,134394,SIOWING ELEMENTARY SCHOOL,REGION IX,SULU,LAMINUSA,2ND DISTRICT,14.5397206,120.8128522,regionix_sulu,943.891995,99.56,0,extreme_outlier
2026-21380,303778,Guipos National High School ,REGION IX,ZAMBOANGA DEL SUR,GUIPOS,2ND DISTRICT,7.222879,136.598309,regionix_zamboangadelsur,1453.184441,100,0,extreme_outlier
2026-06803,137077,West Crame Elementary School,NCR,CITY OF SAN JUAN,SAN JUAN DISTRICT II,LONE DISTRICT,14.6073959,121.0496349,ncr_sanjuan,2.239576,100,12,extreme_outlier
2026-10496,300414,Itbayat National Agricultural High School,REGION II,BATANES,ITBAYAT,LONE DISTRICT,20.78667,121.83836,regionii_batanes,39.836288,100,3,extreme_outlier
2026-41296,128247,Matugnao ES,REGION X,TANGUB CITY,TANGUB SOUTHWEST DISTRICT,2ND DISTRICT,8.1163371,123.6352962,regionx_tangub,14.179644,100,7,extreme_outlier
2026-18994,308039,LUALHATI D. EDAÃ‘O NATIONAL HIGH SCHOOL,REGION IV-A,QUEZON,SAN FRANCISCO,3RD DISTRICT,13.1723983,122.620785,iva_quezon,136.510479,99.27,7,extreme_outlier
2026-42938,306041,Manaong National High School,REGION XI,DAVAO CITY,MARILOG,3RD DISTRICT,16.0506178,120.4933624,regionxi_davao,1143.031377,99.77,0,extreme_outlier
2026-14168,105313,Tagumpay Elementary School,REGION III,NUEVA ECIJA,GABALDON,3RD DISTRICT,12.979802,121.731949,regioniii_nuevaecija,318.049806,99.35,0,extreme_outlier
2026-23347,172523,Pagcolbon Elementary School,REGION V,ALBAY,RAPU-RAPU EAST (RAPU-RAPU),2ND DISTRICT,13.173873,124.213112,regionv_albay,52.441873,99.82,5,extreme_outlier
2026-31636,118606,Tugas Elementary School,REGION VII,BOHOL,PRES. C. P. GARCIA,2ND DISTRICT,10.1504265,124.6172673,regionvii_bohol,99.528782,99.73,4,extreme_outlier
2026-14508,105645,Estrella Elementary School,REGION III,NUEVA ECIJA,RIZAL,2ND DISTRICT,12.885808,121.770109,regioniii_nuevaecija,329.231203,99.61,2,extreme_outlier
2026-09079,101333,Nagpalangan Elementary School,REGION I,"PANGASINAN I, LINGAYEN",BINMALEY II,2ND DISTRICT,12.698011,122.023545,regioni_pangasinanilingayen,417.881962,99.85,0,extreme_outlier
2026-29945,117214,Balucanag ELEMENTARY SCHOOL,NIR,NEGROS OCCIDENTAL,LA CASTELLANA I,5TH DISTRICT,12.005395,121.761464,nir_negrosoccidental,188.541392,99.31,0,extreme_outlier
2026-16581,306367,Dangcol National High School,REGION III,BALANGA CITY,BALANGA CITY EAST,2ND DISTRICT,14.6942911,120.4415242,regioniii_balanga,11.372311,100,1,extreme_outlier
2026-21626,196010,Molave RPS SPED,REGION IX,ZAMBOANGA DEL SUR,MOLAVE EAST,1ST DISTRICT,12.916355,122.407544,regionix_zamboangadelsur,574.596741,99.63,0,extreme_outlier
2026-12485,104188,Alfonso CastaÃ‘eda Central School,REGION II,NUEVA VIZCAYA,ALFONSO CASTAÃ‘EDA,LONE DISTRICT,15.802889,121.304711,regionii_nuevavizcaya,77.20283,99.74,3,extreme_outlier
2026-34319,321908,"Antonio M. Lacson, Sr. Memorial High School",NIR,BAYAWAN CITY,BAYAWAN EAST,3RD DISTRICT,13.9539941,121.7947293,nir_bayawan,522.62534,100,0,extreme_outlier
2026-14498,105635,Agbannawag Elementary School,REGION III,NUEVA ECIJA,RIZAL,2ND DISTRICT,13.716763,119.424001,regioniii_nuevaecija,276.673617,99.21,0,extreme_outlier
2026-00925,135356,Mataguisi Elementary School,CAR,APAYAO,PUDTOL,LONE DISTRICT,12.317539,122.168267,car_apayao,675.383309,99.5,0,extreme_outlier
2026-06433,309206,Bakhawan National High School (Formerly Concepcion National High School),MIMAROPA,ROMBLON,CONCEPCION,LONE DISTRICT,12.9402838,121.6927705,mimaropa_romblon,74.56723,99.26,10,extreme_outlier
2026-07798,100168,Gamaban Elementary School,REGION I,ILOCOS NORTE,ADAMS-PAGUDPUD,1ST DISTRICT,18.6091811,120.8680671,regioni_ilocosnorte,53.427542,99.18,2,extreme_outlier
2026-08747,500601,Saytan Integrated School,REGION I,LA UNION,PUGO,2ND DISTRICT,16.234853,120.508053,regioni_launion,46.938692,99.48,11,extreme_outlier
2026-04359,131523,Lusong Elementary school,CARAGA,CABADBARAN CITY,SOUTHEAST CABADBARAN,2ND DISTRICT,9.163739,125.683472,caraga_cabadbaran,17.184401,100,3,extreme_outlier
2026-05938,111218,Calampisao Elementary School,MIMAROPA,PALAWAN,TAYTAY I,1ST DISTRICT,13.268019,121.440153,mimaropa_palawan,530.200689,99.76,0,extreme_outlier
2026-23331,112020,Binosawan Elementary School,REGION V,ALBAY,RAPU-RAPU EAST (RAPU-RAPU),2ND DISTRICT,13.1896,124.212,regionv_albay,52.412014,99.64,6,extreme_outlier
2026-35692,121691,Esperanza Elementary School,REGION VIII,LEYTE,MATALOM SOUTH,5TH DISTRICT,10.235193,124.795065,regionviii_leyte,95.844653,99.22,14,extreme_outlier
2026-13982,158529,Cucong Elementary School,REGION III,BULACAN,DONA REMEDIOS TRINIDAD,3RD DISTRICT,15.26120828,121.1309626,regioniii_bulacan,56.380619,99.61,5,extreme_outlier
2026-01349,135690,Camp 6 Elementary School,CAR,BENGUET,TUBA,LONE DISTRICT,14.150392,120.92617,car_benguet,253.370272,100,0,extreme_outlier
2026-38076,123828,Trinidad Elementary School,REGION VIII,SAMAR (WESTERN SAMAR),TAGAPUL-AN,1ST DISTRICT,12.0625109,124.15777,regionviii_samarwesternsamar,85.340597,99.6,9,extreme_outlier
2026-37831,123608,Amambucale Elementary School,REGION VIII,SAMAR (WESTERN SAMAR),MARABUT,2ND DISTRICT,11.091795,125.226638,regionviii_samarwesternsamar,84.47999,99.19,5,extreme_outlier
2026-28736,302481,CARVASANA  NATIONAL HIGH SCHOOL,REGION VI,ILOILO,CALINOG I,3RD DISTRICT,12.856962,121.817362,regionvi_iloilo,252.957062,99.83,0,extreme_outlier
2026-06902,305308,Valeriano E. Fugoso Memorial High School,NCR,MANILA,SAMPALOC V,4TH DISTRICT,14.6660422,121.1178346,ncr_manila,16.664948,100,1,extreme_outlier
2026-07065,305356,Ponciano A. Bernardo High School,NCR,QUEZON CITY,SCHOOL DISTRICT XVII,4TH DISTRICT,14.5282883,121.0355568,ncr_quezon,14.538124,100,0,extreme_outlier
2026-35690,121689,Calumpang Elementary School,REGION VIII,LEYTE,MATALOM SOUTH,5TH DISTRICT,10.20344,124.79561,regionviii_leyte,99.298006,99.69,9,extreme_outlier
2026-32442,119285,Pantao Elementary School,REGION VII,CEBU,DAANBANTAYAN II,4TH DISTRICT,11.5152127,124.0923786,regionvii_cebu,132.526606,99.74,2,extreme_outlier
2026-11301,155035,Kadinakan Elementary School,REGION II,CAGAYAN,CALAYAN EAST,2ND DISTRICT,19.523635,121.940186,regionii_cagayan,208.815338,100,1,extreme_outlier
2026-40378,127304,Lower Usogan Elementary School,REGION X,MISAMIS OCCIDENTAL,BONIFACIO WEST,2ND DISTRICT,8.030878,123.563335,regionx_misamisoccidental,57.182534,100,8,extreme_outlier
2026-05124,110411,Balatasan ES,MIMAROPA,ORIENTAL MINDORO,BULALACAO,2ND DISTRICT,12.295732,121.382256,mimaropa_orientalmindoro,125.33703,99.27,3,extreme_outlier
2026-29677,116931,Pantao Elementary School,NIR,NEGROS OCCIDENTAL,CALATRAVA II,1ST DISTRICT,12.735461,122.170866,nir_negrosoccidental,232.456509,99.48,0,extreme_outlier
2026-09216,101445,Don Juan Bernal Sr. Elementary School,REGION I,"PANGASINAN I, LINGAYEN",DASOL,1ST DISTRICT,12.824723,121.7527,regioni_pangasinanilingayen,392.381896,99.7,0,extreme_outlier
2026-17293,107645,Calumpang Elementary School,REGION IV-A,BATANGAS,SAN LUIS,2ND DISTRICT,12.632241,122.894663,iva_batangas,234.589212,100,0,extreme_outlier
2026-05162,305820,Milagrosa National High School,MIMAROPA,ORIENTAL MINDORO,BULALACAO,2ND DISTRICT,12.285705,121.271993,mimaropa_orientalmindoro,124.885359,99.09,8,extreme_outlier
2026-12679,104307,Luttuad Elementary School,REGION II,QUIRINO,DIFFUN II,LONE DISTRICT,11.2278673,120.3413588,regionii_quirino,601.358652,100,0,extreme_outlier
2026-30492,117769,Bedio Elementary School,NIR,SAN CARLOS CITY,SAN CARLOS CITY DISTRICT III,1ST DISTRICT,10.5075591,123.1889028,nir_sancarlos,25.06648,100,2,extreme_outlier
2026-41446,128294,Datu Davao Elementary School,REGION XI,DAVAO DE ORO,LAAK,2ND DISTRICT,7.978284,125.661917,regionxi_davaodeoro,57.621283,99.05,3,extreme_outlier
2026-41160,203505,TIPAN ELEMENTARY SCHOOL,REGION X,OZAMIS CITY,OZAMIS CITY DISTRICT II,2ND DISTRICT,34.831116,-91.375425,regionx_ozamis,13971.23561,100,0,extreme_outlier
2026-21019,195513,Dipodog Elementary School,REGION IX,ZAMBOANGA DEL NORTE,SINDANGAN SOUTH,2ND DISTRICT,12.248649,121.270172,regionix_zamboangadelnorte,466.568656,99.87,0,extreme_outlier
2026-10740,306427,Dilam High School,REGION II,CAGAYAN,CALAYAN WEST,2ND DISTRICT,19.370819,121.502551,regionii_cagayan,192.529618,99.26,2,extreme_outlier
2026-15270,105935,Lourdes ES,REGION III,PAMPANGA,CANDABA NORTH,4TH DISTRICT,15.1507869,120.9266045,regioniii_pampanga,28.968686,99.3,8,extreme_outlier
2026-33431,119346,Danasan Elementary School,REGION VII,DANAO CITY,DANAO CITY WEST,5TH DISTRICT,10.5601807,123.8541638,regionvii_danao,19.014401,100,5,extreme_outlier
2026-33831,120313,Bagtic Elementary School,NIR,NEGROS ORIENTAL,LA LIBERTAD,1ST DISTRICT,10.10983,123.15942,nir_negrosoriental,89.93833,99.42,6,extreme_outlier
2026-17591,107892,Bancal Elementary School,REGION IV-A,CARMONA CITY,CARMONA CITY,5TH DISTRICT,14.2818442,121.0073922,iva_carmona,6.085566,100,3,extreme_outlier
2026-13361,104647,Sisiman Elementary School,REGION III,BATAAN,MARIVELES,2ND DISTRICT,14.4269917,120.5177333,regioniii_bataan,33.484243,99.07,16,extreme_outlier
2026-44267,316502,Katalicanan High School,REGION XII,NORTH COTABATO,ALEOSAN WEST,1ST DISTRICT,13.086612,121.010742,regionxii_northcotabato,810.076148,99.87,0,extreme_outlier
2026-04737,110116,Alibog Elementary School,MIMAROPA,OCCIDENTAL MINDORO,MAGSAYSAY,LONE DISTRICT,12.2279,121.2284,mimaropa_occidentalmindoro,129.297102,99.45,4,extreme_outlier
2026-28100,115779,Hilwan PS,REGION VI,CAPIZ,TAPAZ EAST,2ND DISTRICT,11.307952,122.340343,regionvi_capiz,56.123867,99.36,1,extreme_outlier
2026-37382,122997,Lo-ok Elementary School,REGION VIII,NORTHERN SAMAR,LAPINIG,2ND DISTRICT,12.312778,125.305867,regionviii_northernsamar,75.565669,99.61,10,extreme_outlier
2026-10736,155012,Dilam East Elementary School,REGION II,CAGAYAN,CALAYAN WEST,2ND DISTRICT,19.370551,121.50248,regionii_cagayan,192.501083,99.13,2,extreme_outlier
2026-05134,110421,Maasin Elementary School,MIMAROPA,ORIENTAL MINDORO,BULALACAO,2ND DISTRICT,12.257839,121.384727,mimaropa_orientalmindoro,129.532328,99.82,3,extreme_outlier
2026-28782,116216,Gabi ES,REGION VI,ILOILO,CARLES,5TH DISTRICT,11.5950297,123.3364292,regionvi_iloilo,129.785426,99.4,5,extreme_outlier
2026-20918,124719,Lanote ELementary School,REGION IX,ZAMBOANGA DEL NORTE,SIBUCO,3RD DISTRICT,7.1885328,121.9252503,regionix_zamboangadelnorte,220.341891,99.35,5,extreme_outlier
2026-03454,214007,Punta Naga Elementary School,CARAGA,SURIGAO DEL NORTE,CLAVER,2ND DISTRICT,9.512864,125.875808,caraga_surigaodelnorte,51.918565,99.01,3,extreme_outlier
2026-45420,131167,Barongis Elementary School,REGION XII,SULTAN KUDARAT,PALIMBANG I,2ND DISTRICT,6.167838041,124.2450314,regionxii_sultankudarat,75.372975,99.51,6,extreme_outlier
2026-32816,119639,Cambat-an Elementary School,REGION VII,CEBU,SAN FRANCISCO,5TH DISTRICT,9.330425,121.116264,regionvii_cebu,324.889777,99.91,0,extreme_outlier
2026-19822,501568,Atisan Integrated School,REGION IV-A,SAN PABLO CITY,SAN FRANCISCO,3RD DISTRICT,13.9783499,121.2750411,iva_sanpablo,11.5803,100,7,extreme_outlier
2026-30650,137306,Central Philippines State University-Agricultural Education Outreach Project-Farmers Village & Training Center Elementary School,NIR,KABANKALAN CITY,KABANKALAN V,6TH DISTRICT,12.879721,121.774017,nir_kabankalan,340.930852,100,0,extreme_outlier
2026-28797,302505,GRANADA NATIONAL HIGH SCHOOL,REGION VI,ILOILO,CARLES,5TH DISTRICT,11.6167387,123.3431273,regionvi_iloilo,132.101962,99.49,5,extreme_outlier
2026-33360,120739,Putingbato Elementary School,REGION VII,TOLEDO CITY,TOLEDO CITY NORTH DISTRICT,3RD DISTRICT,9.588451,121.086398,regionvii_toledo,293.265753,100,0,extreme_outlier
2026-33613,305955,Bairan National High School,REGION VII,"CITY OF NAGA, CEBU",NAGA I,1ST DISTRICT,10.607936,123.8857747,regionvii_nagacebu,46.387861,100,1,extreme_outlier
2026-26967,114791,Maytaraw PS,REGION VI,AKLAN,LIBACAO,LONE DISTRICT,11.1987717,122.2894452,regionvi_aklan,56.326459,99.74,0,extreme_outlier
2026-31630,118598,Lipata  Elementary School,REGION VII,BOHOL,PRES. C. P. GARCIA,2ND DISTRICT,10.1402627,124.6029318,regionvii_bohol,97.596933,99.56,9,extreme_outlier
2026-36618,122566,Pagbabangnan Elementary School,REGION VIII,EASTERN SAMAR,GUIUAN SOUTH,LONE DISTRICT,10.706656,125.736168,regionviii_easternsamar,104.842832,99.57,3,extreme_outlier
2026-36165,303461,Hingatungan National High School,REGION VIII,SOUTHERN LEYTE,SILAGO,LONE DISTRICT,10.5902237,125.1836043,regionviii_southernleyte,62.524344,99.71,3,extreme_outlier
2026-35693,121692,Hitoog Elementary School,REGION VIII,LEYTE,MATALOM SOUTH,5TH DISTRICT,10.237323,124.80732,regionviii_leyte,95.930973,99.3,14,extreme_outlier
2026-20921,124722,Lipuno ES,REGION IX,ZAMBOANGA DEL NORTE,SIBUCO,3RD DISTRICT,7.1569733,121.9150606,regionix_zamboangadelnorte,223.619387,99.74,3,extreme_outlier
2026-41945,128673,DoÃ‘a Carmen Soriano Elementary School,REGION XI,DAVAO DEL NORTE,KAPALONG WEST,1ST DISTRICT,9.789822,124.186297,regionxi_davaodelnorte,345.253735,100,0,extreme_outlier
2026-17161,107497,Bulihan Elementary School,REGION IV-A,BATANGAS,NASUGBU EAST,1ST DISTRICT,14.1550579,120.6511743,iva_batangas,62.491309,99,5,extreme_outlier
2026-15938,301037,Zambales National High School,REGION III,ZAMBALES,IBA,2ND DISTRICT,13.498121,120.756269,regioniii_zambales,219.309708,99.37,0,extreme_outlier
2026-38075,123827,Tagapul-an Central Elementary School,REGION VIII,SAMAR (WESTERN SAMAR),TAGAPUL-AN,1ST DISTRICT,12.0484183,124.158175,regionviii_samarwesternsamar,84.723731,99.33,8,extreme_outlier
2026-36625,500234,Sulu-an Integrated School,REGION VIII,EASTERN SAMAR,GUIUAN SOUTH,LONE DISTRICT,10.7593016,125.950613,regionviii_easternsamar,109.231892,100,0,extreme_outlier
2026-23363,301815,Bical High School,REGION V,ALBAY,STO. DOMINGO,1ST DISTRICT,12.861496,121.865227,regionv_albay,204.585168,100,0,extreme_outlier
2026-28972,302549,Particion National High School,REGION VI,ILOILO,GUIMBAL,1ST DISTRICT,12.887059,121.78154,regionvi_iloilo,257.395311,99.91,0,extreme_outlier
2026-13161,104462,Umiray Elementary School,REGION III,AURORA,DINGALAN,LONE DISTRICT,15.23255,121.40628,regioniii_aurora,94.916707,99.43,2,extreme_outlier
2026-27236,115014,Lim Elementary School ,REGION VI,ANTIQUE,CALUYA,LONE DISTRICT,12.200733,121.424571,regionvi_antique,171.351324,100,0,extreme_outlier
2026-42151,128912,Nodilla Elementary School,REGION XI,DAVAO DEL SUR,KIBLAWAN,LONE DISTRICT,6.47433,125.19448,regionxi_davaodelsur,35.796991,100,1,extreme_outlier
2026-17505,107499,Calayo Elementary School,REGION IV-A,BATANGAS,NASUGBU WEST,1ST DISTRICT,14.154043,120.609445,iva_batangas,65.699913,99.72,7,extreme_outlier
2026-32899,187026,Looc Elementary School,REGION VII,CEBU,SANTANDER,2ND DISTRICT,9.4188388,123.3214531,regionvii_cebu,120.285356,99.39,11,extreme_outlier
2026-02348,131478,San Roque Elementary School,CARAGA,AGUSAN DEL NORTE,LAS NIEVES EAST,1ST DISTRICT,8.70491,125.66425,caraga_agusandelnorte,45.901877,99.52,8,extreme_outlier
2026-16744,104742,Hinukay ES,REGION III,CITY OF BALIWAG,BALIUAG NORTH,2ND DISTRICT,15.0126283,120.8815095,regioniii_baliwag,6.506109,100,8,extreme_outlier
2026-29849,117138,Arcadio L. Vergara Elementary School,NIR,NEGROS OCCIDENTAL,HINOBAAN,6TH DISTRICT,9.446953,122.589018,nir_negrosoccidental,156.361043,99.13,4,extreme_outlier
2026-36153,122054,Hingatungan Elementary School,REGION VIII,SOUTHERN LEYTE,SILAGO,2ND DISTRICT,10.5819925,125.1832739,regionviii_southernleyte,61.761557,99.42,4,extreme_outlier
2026-27244,115023,Sibolo ES,REGION VI,ANTIQUE,CALUYA,LONE DISTRICT,12.0965733,121.573153,regionvi_antique,155.482758,99.26,0,extreme_outlier
2026-30954,118030,Hingotanan Elementary School ,REGION VII,BOHOL,BIEN UNIDO,2ND DISTRICT,10.240917,124.487103,regionvii_bohol,94.538097,99.11,4,extreme_outlier
2026-13822,105052,Casalat Elementary School,REGION III,BULACAN,SAN ILDEFONSO SOUTH,3RD DISTRICT,13.077828,121.109583,regioniii_bulacan,200.183225,99.8,0,extreme_outlier
2026-35162,121246,Nauguisan Elementary School,REGION VIII,LEYTE,CAPOOCAN,2ND DISTRICT,11.62244,128.868571,regionviii_leyte,470.001746,100,0,extreme_outlier
2026-30170,117425,Emilio Infante Elementary School,NIR,NEGROS OCCIDENTAL,VALLADOLID,4TH DISTRICT,12.783047,121.732139,nir_negrosoccidental,258.86389,99.65,0,extreme_outlier
2026-35689,121688,Cahagnaan Central School,REGION VIII,LEYTE,MATALOM SOUTH,5TH DISTRICT,10.207724,124.771551,regionviii_leyte,98.280384,99.46,8,extreme_outlier
2026-34376,306300,Bokaw National High School,NIR,BAYAWAN CITY,BASAY,1ST DISTRICT,9.6891237,122.8253741,nir_bayawan,36.50187,99.05,5,extreme_outlier
2026-16250,502044,Macatbong Integrated School,REGION III,CABANATUAN CITY,CABANATUAN CITY SOUTH DISTRICT,3RD DISTRICT,15.5039138,121.0785211,regioniii_cabanatuan,11.155548,100,7,extreme_outlier
2026-27239,115017,Sabang II Elementary School,REGION VI,ANTIQUE,CALUYA,LONE DISTRICT,12.027652,121.403732,regionvi_antique,154.187321,99.07,6,extreme_outlier
2026-00834,135286,BAGUTONG ELEMENTARY SCHOOL,CAR,APAYAO,FLORA,LONE DISTRICT,12.334612,123.841146,car_apayao,718.639832,100,0,extreme_outlier
2026-37381,122996,Lapinig CS,REGION VIII,NORTHERN SAMAR,LAPINIG,2ND DISTRICT,12.31402359,125.3019267,regionviii_northernsamar,75.115985,99.21,10,extreme_outlier
2026-02298,319117,Dupag National High School,CAR,TABUK CITY,WESTERN TABUK DISTRICT II,LONE DISTRICT,17.39294,121.23023,car_tabuk,22.862582,100,6,extreme_outlier
2026-35688,121687,Bactol Elementary School,REGION VIII,LEYTE,MATALOM SOUTH,5TH DISTRICT,10.2113851,124.8033222,regionviii_leyte,98.628955,99.61,11,extreme_outlier
2026-20301,164528,Southville 3A Elementary School,REGION IV-A,SAN PEDRO CITY,SAN PEDRO,1ST DISTRICT,14.33355,121.00872,iva_sanpedro,6.224175,100,15,extreme_outlier
2026-44967,501906,Bengue Integrated School,REGION XII,SOUTH COTABATO,T ' BOLI EAST,2ND DISTRICT,5.990995,124.952633,regionxii_southcotabato,57.546563,99.48,2,extreme_outlier
2026-17168,107507,Looc Elementary School,REGION IV-A,BATANGAS,NASUGBU EAST,1ST DISTRICT,14.1643877,120.6279624,iva_batangas,65.011007,99.29,6,extreme_outlier
2026-38426,501970,Caglanipao Sur Integrated School,REGION VIII,CALBAYOG CITY,TINAMBACAN DISTRICT III,1ST DISTRICT,12.288011,124.359684,regionviii_calbayog,35.178779,100,2,extreme_outlier
2026-35014,121048,Can-isak Elementary School,REGION VIII,LEYTE,BARUGO II,2ND DISTRICT,12.900551,121.640542,regionviii_leyte,380.029172,99.92,0,extreme_outlier
2026-38415,124129,Bugtong Elementary School,REGION VIII,CALBAYOG CITY,TINAMBACAN DISTRICT III,1ST DISTRICT,12.25693,124.36926,regionviii_calbayog,32.116791,99.43,6,extreme_outlier
2026-22414,303859,Pioneer National High School,REGION IX,ZAMBOANGA SIBUGAY,TUNGAWAN,2ND DISTRICT,8.205331,125.383362,regionix_zamboangasibugay,308.210882,99.41,0,extreme_outlier
2026-08001,100340,Licungan Elementary School,REGION I,ILOCOS SUR,ALILEM-SUGPON,2ND DISTRICT,16.736428,120.5608318,regioni_ilocossur,95.189911,99.8,0,extreme_outlier
2026-16638,104896,Pamarawan ES,REGION III,MALOLOS CITY,SOUTH DISTRICT,1ST DISTRICT,14.758824,120.81446,regioniii_malolos,10.539191,100,5,extreme_outlier
2026-26075,114177,Sibago Elementary School,REGION V,SORSOGON,DONSOL WEST,2ND DISTRICT,12.94824835,123.5250778,regionv_sorsogon,54.649503,99.43,7,extreme_outlier
2026-20920,124721,Lingayon Elementary School,REGION IX,ZAMBOANGA DEL NORTE,SIBUCO,3RD DISTRICT,7.174339,121.919429,regionix_zamboangadelnorte,221.910951,99.48,5,extreme_outlier
2026-10298,102302,Nanbacuran Elementary School,REGION I,URDANETA CITY,URDANETA CITY DISTRICT II,5TH DISTRICT,15.9701621,120.4891507,regioni_urdaneta,7.967213,100,11,extreme_outlier
2026-33837,120319,Kansumandig Elementary School ,NIR,NEGROS ORIENTAL,LA LIBERTAD,1ST DISTRICT,10.112207,123.140318,nir_negrosoriental,90.582595,99.61,7,extreme_outlier
2026-18943,308024,Emilio V. Quizon National High School,REGION IV-A,QUEZON,SAN ANDRES,3RD DISTRICT,13.21528,122.67112,iva_quezon,137.782298,99.48,5,extreme_outlier
2026-42137,128897,Marcos Sombilon Elementary School,REGION XI,DAVAO DEL SUR,KIBLAWAN,2ND DISTRICT,6.4474,125.2563,regionxi_davaodelsur,35.562509,99.62,3,extreme_outlier
2026-24094,112579,Magais Elementary School,REGION V,CAMARINES SUR,DEL GALLEGO,1ST DISTRICT,13.9307008,122.5806366,regionv_camarinessur,84.61759,99.55,7,extreme_outlier
2026-43653,207565,Mimbalawag Elementary School,REGION XII,NORTH COTABATO,ALAMADA NORTH,1ST DISTRICT,7.5755,124.5264,regionxii_northcotabato,88.731025,99.49,1,extreme_outlier
2026-44946,102053,Lamdamay Elementary School,REGION XII,SOUTH COTABATO,T ' BOLI EAST,2ND DISTRICT,5.992789,124.937277,regionxii_southcotabato,57.005659,99.22,2,extreme_outlier
2026-30547,117819,Patag Elementary School,NIR,SILAY CITY,SILAY CITY DISTRICT III,3RD DISTRICT,10.6986557,123.1737968,nir_silay,24.367285,100,3,extreme_outlier
2026-32436,119278,Carnaza Elementary School,REGION VII,CEBU,DAANBANTAYAN II,4TH DISTRICT,11.508228,124.097766,regionvii_cebu,131.855132,99.56,2,extreme_outlier
2026-35701,303356,Cahagnaan National High School,REGION VIII,LEYTE,MATALOM SOUTH,5TH DISTRICT,10.204747,124.769444,regionviii_leyte,98.55983,99.53,7,extreme_outlier
2026-43577,129071,Tagen Elementary School,REGION XI,DAVAO OCCIDENTAL,SARANGANI,LONE DISTRICT,5.3798,125.3515,regionxi_davaooccidental,122.294476,100,3,extreme_outlier
2026-30088,311107,Enriqueta Montilla Esteban MHS-Ubay Ext.,NIR,NEGROS OCCIDENTAL,PULUPANDAN,4TH DISTRICT,20.9988091,114.0017296,nir_negrosoccidental,1484.717688,100,0,extreme_outlier
2026-45739,131384,Sabino Elementary School,REGION XII,KORONADAL CITY,KORONADAL EAST DISTRICT II,2ND DISTRICT,6.511080127,124.9950496,regionxii_koronadal,17.137874,100,0,extreme_outlier
2026-06709,111516,Langogan Elementary School,MIMAROPA,PUERTO PRINCESA CITY,PUERTO PRINCESA III DISTRICT,2ND DISTRICT,19.93015671,118.2040205,mimaropa_puertoprincesa,1129.961415,100,0,extreme_outlier
2026-07134,319705,Maypajo High School,NCR,CALOOCAN CITY,AROMAR (AROMAHAN-MARULAS),1ST DISTRICT,14.6377562,120.972873,ncr_caloocan,11.833438,100,27,extreme_outlier
2026-29447,117585,Sto. NiÃ±o Sur Elementary School ,REGION VI,ILOILO CITY,AREVALO,LONE DISTRICT,10.6807193,122.5003481,regionvi_iloilo,7.83213,100,11,extreme_outlier
2026-37380,122995,Imelda ES,REGION VIII,NORTHERN SAMAR,LAPINIG,2ND DISTRICT,12.315,125.302002,regionviii_northernsamar,75.09379,99.01,10,extreme_outlier
2026-21783,125406,Malim Elementary School ,REGION IX,ZAMBOANGA DEL SUR,TABINA,2ND DISTRICT,12.910785,121.7971,regionix_zamboangadelsur,590.630249,99.88,0,extreme_outlier
2026-29576,117910,Agahon Elementary School,REGION VI,PASSI CITY,PASSI CITY DISTRICT II (EAST),4TH DISTRICT,11.20327663,122.7765839,regionvi_passi,18.185454,100,4,extreme_outlier
2026-03800,132810,San Roque Elementary School,CARAGA,SURIGAO DEL SUR,LINGIG I,2ND DISTRICT,7.937095,126.362061,caraga_surigaodelsur,128.76941,99.56,6,extreme_outlier
2026-09682,102141,DoÃ‘a Consuelo S. Perez Elementary School,REGION I,"PANGASINAN II, BINALONAN",MANAOAG,4TH DISTRICT,12.962235,122.04002,regioni_pangasinaniibinalonan,377.509743,99.47,0,extreme_outlier
2026-31404,118401,Inabanga South Central Elementary School,REGION VII,BOHOL,INABANGA SOUTH,2ND DISTRICT,12.826025,121.867109,regionvii_bohol,413.711001,99.91,0,extreme_outlier
2026-25007,113268,Agojo ES,REGION V,CATANDUANES,SAN ANDRES WEST,LONE DISTRICT,13.5999829,124.0611517,regionv_catanduanes,32.651641,99.25,13,extreme_outlier
2026-32893,119698,Liloan Elementary School,REGION VII,CEBU,SANTANDER,2ND DISTRICT,9.421993,123.3088388,regionvii_cebu,120.722239,99.48,10,extreme_outlier
2026-24091,112576,Cabasag Elementary School,REGION V,CAMARINES SUR,DEL GALLEGO,1ST DISTRICT,13.93032277,122.6096061,regionv_camarinessur,81.868099,99.09,11,extreme_outlier
2026-42870,129602,Columbus Elementary School,REGION XI,DAVAO CITY,MARILOG,3RD DISTRICT,7.516439,125.236908,regionxi_davao,64.204653,99.09,5,extreme_outlier
2026-24105,301966,Del Gallego National High School,REGION V,CAMARINES SUR,DEL GALLEGO,1ST DISTRICT,13.92225998,122.5980334,regionv_camarinessur,82.519985,99.27,8,extreme_outlier
2026-16257,503068,Iram II Integrated School,REGION III,OLONGAPO CITY,OLONGAPO CITY DISTRICT I,1ST DISTRICT,14.809446,119.476919,regioniii_olongapo,87.819486,100,0,extreme_outlier
2026-06720,111528,Salvacion Central Elementary School,MIMAROPA,PUERTO PRINCESA CITY,PUERTO PRINCESA III DISTRICT,3RD DISTRICT,6.832042,126.462659,mimaropa_puertoprincesa,911.685655,99.01,0,extreme_outlier
2026-22125,125681,Taguisian Elementary School,REGION IX,ZAMBOANGA SIBUGAY,MABUHAY,1ST DISTRICT,7.363572,122.972423,regionix_zamboangasibugay,62.48357,99.02,2,extreme_outlier
2026-43403,501086,Lanca Integrated School,REGION XI,MATI CITY,MATI SOUTH,2ND DISTRICT,6.3563629,126.1989914,regionxi_mati,66.485813,100,0,extreme_outlier
2026-15748,106659,San Felipe Elementary School,REGION III,TARLAC,SAN MANUEL,1ST DISTRICT,15.8238834,120.5991777,regioniii_tarlac,37.901011,99.21,16,extreme_outlier
2026-32891,119696,Bunlan Elementary School,REGION VII,CEBU,SANTANDER,2ND DISTRICT,9.436690979,123.3263683,regionvii_cebu,118.314796,99.13,14,extreme_outlier
2026-42250,129034,Tribal Filipino School  of Datalfitak,REGION XI,DAVAO DEL SUR,MATANAO II,1ST DISTRICT,6.579968,125.096599,regionxi_davaodelsur,34.969381,99.24,0,extreme_outlier
2026-07547,305462,Gen. Ricardo G. Papa Sr. Memorial High School-Annex,NCR,TAGUIG CITY AND PATEROS,TAGUIG DISTRICT I,1ST DISTRICT,14.58960714,123.4171443,ncr_taguigcity,255.303226,100,0,extreme_outlier
2026-43578,129072,Tinina Elementary School,REGION XI,DAVAO OCCIDENTAL,SARANGANI,LONE DISTRICT,5.377723,125.396522,regionxi_davaooccidental,121.594017,99.54,5,extreme_outlier
2026-19378,109538,Dolores Elementary School,REGION IV-A,RIZAL,TAYTAY II,1ST DISTRICT,13.218515,120.092886,iva_rizal,188.860408,99.35,0,extreme_outlier
2026-03486,132441,Roxas Elementary School,CARAGA,SURIGAO DEL NORTE,MAINIT I,2ND DISTRICT,12.913563,120.965137,caraga_surigaodelnorte,603.655882,100,0,extreme_outlier
2026-40548,127789,San Isidro Elementary School,REGION X,MISAMIS ORIENTAL,MAGSAYSAY I (MAGSAYSAY DISTRICT),1ST DISTRICT,9.079632,125.190712,regionx_misamisoriental,94.370702,100,2,extreme_outlier
2026-19946,109335,Cabading Elementary School ,REGION IV-A,ANTIPOLO CITY,DISTRICT II-D,2ND DISTRICT,8.015716,123.222656,iva_antipolo,764.110981,100,0,extreme_outlier
2026-22206,125744,Pulo Laum Elementary School,REGION IX,ZAMBOANGA SIBUGAY,OLUTANGA,1ST DISTRICT,7.27769,122.8461,regionix_zamboangasibugay,63.372987,99.21,7,extreme_outlier
2026-06430,111305,Sampong Elementary School,MIMAROPA,ROMBLON,CONCEPCION,LONE DISTRICT,12.9337574,121.6852282,mimaropa_romblon,74.867578,100,10,extreme_outlier
2026-34233,120691,Caipilan Elementary School,NIR,SIQUIJOR,SIQUIJOR,LONE DISTRICT,12.769135,122.785531,nir_siquijor,400.831807,100,0,extreme_outlier
2026-20925,124726,Malayal Community School,REGION IX,ZAMBOANGA DEL NORTE,SIBUCO,3RD DISTRICT,7.2069029,121.9403028,regionix_zamboangadelnorte,217.724347,99.22,3,extreme_outlier
2026-30449,502991,Manara Elementary School,NIR,SAGAY CITY,SAGAY CITY DISTRICT III,2ND DISTRICT,10.71761,123.293682,nir_sagay,22.340513,100,1,extreme_outlier
2026-41374,127669,San Francisco de Asis Elementary School,REGION X,EL SALVADOR,DISTRICT I,2ND DISTRICT,8.459755,124.442723,regionx_elsalvador,13.652504,100,1,extreme_outlier
2026-02444,317310,E. G. Montilla National High School,CARAGA,AGUSAN DEL NORTE,LAS NIEVES WEST,LONE DISTRICT,8.705,125.6394,caraga_agusandelnorte,44.744955,99.04,9,extreme_outlier
2026-41341,503014,Logdeck Integrated School ,REGION X,VALENCIA CITY,DISTRICT IV,4TH DISTRICT,24.068012,115.844757,regionx_valencia,2049.226366,100,0,extreme_outlier
2026-43571,129059,Guillerma A. Olarte Elementary School,REGION XI,DAVAO OCCIDENTAL,SARANGANI,LONE DISTRICT,5.3929401,125.3909564,regionxi_davaooccidental,120.031111,99.09,9,extreme_outlier
2026-19620,109646,Malitlit Elementary School,REGION IV-A,LIPA CITY,LIPA CITY EAST DISTRICT,4TH DISTRICT,13.9075872,121.2799819,iva_lipa,13.775821,100,2,extreme_outlier
2026-25693,501524,Busing Integrated School,REGION V,MASBATE,SAN PASCUAL NORTH,1ST DISTRICT,13.144668,122.955122,regionv_masbate,112.850372,99.43,7,extreme_outlier
2026-44095,130273,New Culasi Elementary School,REGION XII,NORTH COTABATO,PIGCAWAYAN NORTH,1ST DISTRICT,7.29433956,124.3791974,regionxii_northcotabato,84.965717,99.11,8,extreme_outlier
2026-21920,125515,Gulayon Elementary School,REGION IX,ZAMBOANGA SIBUGAY,ALICIA,1ST DISTRICT,12.04016,118.392619,regionix_zamboangasibugay,660.381657,99.8,0,extreme_outlier
2026-26374,114424,San Isidro Elementary School,REGION V,IRIGA CITY,IRIGA CENTRAL DISTRICT,5TH DISTRICT,13.197719,123.491275,regionv_iriga,26.474179,100,0,extreme_outlier
2026-16925,107311,Tamayo Elementary School,REGION IV-A,CALACA CITY,CALACA,1ST DISTRICT,14.038474,120.856746,iva_calaca,12.733941,100,4,extreme_outlier
2026-16549,105550,Mapangpang Elementary School,REGION III,SCIENCE CITY OF MUÃ‘OZ,MUNOZ,2ND DISTRICT,15.79175802,120.8961938,regioniii_sciencecitymuoz,7.894588,100,9,extreme_outlier
2026-17502,107492,Balaytigue Elementary School,REGION IV-A,BATANGAS,NASUGBU WEST,1ST DISTRICT,14.1315609,120.5954593,iva_batangas,65.226517,99.57,3,extreme_outlier
2026-06994,136549,Raymundo Punongbayan ES,NCR,QUEZON CITY,SCHOOL DISTRICT VII,2ND DISTRICT,14.7292654,121.1219589,ncr_quezon,12.885224,99.36,8,extreme_outlier
2026-41902,137008,Tapayanon Elementary School,REGION XI,DAVAO DEL NORTE,KAPALONG EAST,1ST DISTRICT,7.998065,125.471592,regionxi_davaodelnorte,105.68308,99.62,1,extreme_outlier
2026-20209,307915,Dela Paz National High School (Binan National High School - Annex),REGION IV-A,BINAN CITY,BINAN,1ST DISTRICT,12.879595,121.77407,iva_binan,178.400922,100,0,extreme_outlier
2026-18982,109136,Viva Antipolo ES,REGION IV-A,QUEZON,SAN FRANCISCO,3RD DISTRICT,13.1855628,122.6339457,iva_quezon,136.669655,99.37,6,extreme_outlier
2026-19527,109583,Balagtas Elementary,REGION IV-A,BATANGAS CITY,BATANGAS CITY NORTH DISTRICT,2ND DISTRICT,12.715368,121.761475,iva_batangas,138.612196,99.08,0,extreme_outlier
2026-22850,126246,Bermuda Elementary School,REGION IX,ZAMBOANGA CITY,VITALI,2ND DISTRICT,7.451105,122.3390936,regionix_zamboanga,67.15012,99.55,4,extreme_outlier
2026-12494,300615,Alfonso CastaÃ‘eda National High School,REGION II,NUEVA VIZCAYA,ALFONSO CASTAÃ‘EDA,LONE DISTRICT,15.79843319,121.303931,regionii_nuevavizcaya,77.668015,100,3,extreme_outlier
2026-15752,106663,San Narciso Elementary School,REGION III,TARLAC,SAN MANUEL,1ST DISTRICT,15.834695,120.58813,regioniii_tarlac,39.090096,99.61,13,extreme_outlier
2026-20937,303708,Malayal National High School,REGION IX,ZAMBOANGA DEL NORTE,SIBUCO,3RD DISTRICT,7.207209,121.941088,regionix_zamboangadelnorte,217.638868,99.09,3,extreme_outlier
2026-00110,134498,Husing I. Lao Memorial Elementary SchoolS,REGION IX,SULU,PANGUTARAN,1ST DISTRICT,4.15,112.249,regionix_sulu,992.077397,100,0,extreme_outlier
2026-43650,129853,Teren-Teren Elementary School,REGION XII,NORTH COTABATO,ALAMADA NORTH,1ST DISTRICT,7.5159117,124.4960098,regionxii_northcotabato,86.690892,99.23,3,extreme_outlier
2026-21323,196031,Paliran Elementary School ,REGION IX,ZAMBOANGA DEL SUR,DUMINGAG I,1ST DISTRICT,8.274439,123.218968,regionix_zamboangadelsur,52.846342,99.01,1,extreme_outlier
2026-13160,104461,Singawan ES,REGION III,AURORA,DINGALAN,LONE DISTRICT,15.176462,121.387532,regioniii_aurora,101.469501,100,0,extreme_outlier
2026-43237,128781,PAGSABANGAN ELEMENTARY SCHOOL,REGION XI,TAGUM CITY,TAGUM CITY NORTH,1ST DISTRICT,7.4792592,125.7519284,regionxi_tagum,10.826629,100,3,extreme_outlier
2026-06294,127200,Camanga Elementary School,MIMAROPA,PALAWAN,CORON INLAND,1ST DISTRICT,12.3442885,120.2696246,mimaropa_palawan,374.251009,99.4,0,extreme_outlier
2026-17691,108049,Sta. Mercedes Elementary School,REGION IV-A,CAVITE,MARAGONDON,7TH DISTRICT,14.2185909,120.6213387,iva_cavite,27.369355,99.69,0,extreme_outlier
2026-04322,212012,Datu Hugmakan ES,CARAGA,BAYUGAN CITY,BAYUGAN NORTH,1ST DISTRICT,8.8849611,125.8635417,caraga_bayugan,22.180042,100,3,extreme_outlier
2026-03327,132251,Lagundi Elementary School,CARAGA,SURIGAO CITY,SURIGAO CITY DISTRICT II,2ND DISTRICT,9.9097222,125.6255556,caraga_surigao,20.48608,100,1,extreme_outlier
2026-21950,125540,Bawang Elementary School,REGION IX,ZAMBOANGA SIBUGAY,BUUG,1ST DISTRICT,-73.626694,-245.754482,regionix_zamboangasibugay,9073.329123,100,0,extreme_outlier
2026-15755,300985,San Felipe High School,REGION III,TARLAC,SAN MANUEL,1ST DISTRICT,15.8245068,120.5985984,regioniii_tarlac,37.968704,99.41,16,extreme_outlier
2026-02353,306218,Sagbuco National High School,CARAGA,AGUSAN DEL NORTE,LAS NIEVES EAST,1ST DISTRICT,8.6843815,125.6450859,caraga_agusandelnorte,47.099164,100,5,extreme_outlier
2026-16687,106063,Calapi Negrito Elementary School,REGION III,MABALACAT CITY,MABALACAT NORTH,1ST DISTRICT,15.2027778,120.495,regioniii_mabalacat,8.754423,100,7,extreme_outlier
2026-20170,107988,Malagasang III Elementary School,REGION IV-A,IMUS CITY,IMUS II,3RD DISTRICT,14.3603719,120.9276905,iva_imus,8.622324,100,15,extreme_outlier
2026-03787,132785,Antonio A. Orozco Elementary School,CARAGA,SURIGAO DEL SUR,LINGIG I,2ND DISTRICT,7.946598196,126.3421881,caraga_surigaodelsur,127.43637,99.12,4,extreme_outlier
2026-19380,109540,Muzon Elementary School,REGION IV-A,RIZAL,TAYTAY II,1ST DISTRICT,11.945759,121.080639,iva_rizal,292.308464,100,0,extreme_outlier
2026-03788,132787,Bentigan Primary School,CARAGA,SURIGAO DEL SUR,LINGIG I,2ND DISTRICT,7.9321112,126.3593648,caraga_surigaodelsur,129.277762,99.78,6,extreme_outlier
2026-04933,110293,Pawican ES Annex - Pitogo PS,MIMAROPA,OCCIDENTAL MINDORO,SAN JOSE SOUTH,LONE DISTRICT,12.1594158,121.1150032,mimaropa_occidentalmindoro,130.169626,99.72,5,extreme_outlier
2026-18939,109098,Talisay Elementary School ,REGION IV-A,QUEZON,SAN ANDRES,3RD DISTRICT,13.2197257,122.6870806,iva_quezon,138.866575,99.58,3,extreme_outlier
2026-10733,102589,Dibay Elementary School,REGION II,CAGAYAN,CALAYAN WEST,2ND DISTRICT,19.3739885,121.4138801,regionii_cagayan,194.342636,99.51,2,extreme_outlier
2026-08002,100341,Nagawa Elementary School,REGION I,ILOCOS SUR,ALILEM-SUGPON,1ST DISTRICT,16.7878117,120.5775904,regioni_ilocossur,89.962091,99.41,4,extreme_outlier
2026-20043,301272,Sto. Domingo Integrated School,REGION IV-A,STA. ROSA CITY,CITY OF STA. ROSA DISTRICT I,1ST DISTRICT,14.2276369,121.0477155,iva_starosa,12.343823,100,3,extreme_outlier
2026-15899,301011,Candelaria School of Fisheries,REGION III,ZAMBALES,CANDELARIA,2ND DISTRICT,13.066689,121.587516,regioniii_zambales,304.693644,99.68,0,extreme_outlier
2026-18933,109092,Inanuran ES,REGION IV-A,QUEZON,SAN ANDRES,3RD DISTRICT,13.23265,122.69986,iva_quezon,139.133343,99.69,2,extreme_outlier
2026-01715,220505,Payao Primary School,CAR,KALINGA,LUBUAGAN,LONE DISTRICT,17.29979,121.01176,car_kalinga,47.378791,99.48,1,extreme_outlier
2026-23351,309519,Tinopan High School,REGION V,ALBAY,RAPU-RAPU EAST (RAPU-RAPU),2ND DISTRICT,13.2111449,124.1956533,regionv_albay,50.872388,99.28,9,extreme_outlier
2026-20029,107779,Suplang Elementary School,REGION IV-A,TANAUAN CITY,TANAUAN CITY WEST II,3RD DISTRICT,14.1480821,121.0628463,iva_tanauan,9.638691,100,11,extreme_outlier
2026-20075,502682,Busal Integrated School,REGION IV-A,TAYABAS CITY,TAYABAS EAST,1ST DISTRICT,14.05695089,121.7230225,iva_tayabas,17.721122,100,1,extreme_outlier
2026-07321,305878,Dela Paz High School,NCR,PASIG CITY,PASIG CITY DISTRICT II,LONE DISTRICT,14.6154214,121.0953639,ncr_pasig,6.325653,100,19,extreme_outlier
2026-08285,100606,San Isidro Elementary School,REGION I,ILOCOS SUR,SAN JUAN,1ST DISTRICT,13.538279,121.70054,regioni_ilocossur,470.473981,100,0,extreme_outlier
2026-19901,301520,Mabato National High School,REGION IV-A,CALAMBA CITY,CALAMBA CITY WEST,2ND DISTRICT,14.157526,121.038353,iva_calamba,13.841128,100,6,extreme_outlier
2026-03806,214525,Sta. Maria Elementary School,CARAGA,SURIGAO DEL SUR,LINGIG I,2ND DISTRICT,7.94786,126.365997,caraga_surigaodelsur,127.645167,99.34,5,extreme_outlier
2026-08767,500002,Rosario Integrated School,REGION I,LA UNION,ROSARIO,2ND DISTRICT,16.228777,120.488543,regioni_launion,46.752602,99.22,16,extreme_outlier
2026-07707,300004,Banna National High School,REGION I,ILOCOS NORTE,BANNA (ESPIRITU),2ND DISTRICT,-42.485465,328.587445,regioni_ilocosnorte,16240.70115,100,0,extreme_outlier
2026-38216,303626,San Jose de Buan National High School,REGION VIII,SAMAR (WESTERN SAMAR),WRIGHT II -SAN JOSE DE BUAN,2ND DISTRICT,12.647002,122.839321,regionviii_samarwesternsamar,242.554655,99.87,0,extreme_outlier
2026-09956,102034,Pilawan Elemenetary School,REGION I,"PANGASINAN II, BINALONAN",SISON,5TH DISTRICT,12.911763,121.961936,regioni_pangasinaniibinalonan,379.277211,99.64,0,extreme_outlier
2026-30815,502598,Gawahon Integrated School,NIR,VICTORIAS CITY,VICTORIAS I,3RD DISTRICT,10.7932531,123.1829676,nir_victorias,16.770452,100,1,extreme_outlier
2026-28800,311009,Granada NHS-Ballesteros Campus,REGION VI,ILOILO,CARLES,5TH DISTRICT,11.5907949,123.3337583,regionvi_iloilo,129.238163,99.32,5,extreme_outlier
2026-02286,136167,Gaogao Elementary School,CAR,TABUK CITY,WESTERN TABUK DISTRICT II,LONE DISTRICT,17.40225,121.239833,car_tabuk,21.737679,99.03,7,extreme_outlier
2026-30282,117519,Cristeta A. Dormido Elementary School,NIR,BAGO CITY,BAGO CITY IV DISTRICT,4TH DISTRICT,10.481156,123.089132,nir_bago,28.208292,100,4,extreme_outlier
2026-45646,317103,Patadon High School,REGION XII,KIDAPAWAN CITY,KIDAPAWAN CITY DISTRICT IV,2ND DISTRICT,7.07363477,124.9497902,regionxii_kidapawan,17.280257,100,8,extreme_outlier
2026-01440,135775,Malalupa Elementary School,CAR,IFUGAO,ALFONSO LISTA I,LONE DISTRICT,17.0277963,121.538052,car_ifugao,50.94813,99.25,3,extreme_outlier
2026-43185,129797,Roxas Elementary School,REGION XI,PANABO CITY,PANABO NORTH,2ND DISTRICT,7.4467,125.5621,regionxi_panabo,21.758154,100,4,extreme_outlier
2026-10738,306015,Dibay High School,REGION II,CAGAYAN,CALAYAN WEST,2ND DISTRICT,19.3762253,121.3970182,regionii_cagayan,194.91476,99.63,2,extreme_outlier
2026-28120,115800,Taganghin Primary School,REGION VI,CAPIZ,TAPAZ EAST,2ND DISTRICT,11.257611,122.385561,regionvi_capiz,55.574971,99.15,6,extreme_outlier
2026-35699,121698,Tag-os Elementary School,REGION VIII,LEYTE,MATALOM SOUTH,5TH DISTRICT,10.19249,124.76262,regionviii_leyte,99.7565,99.77,4,extreme_outlier
2026-10730,102586,Caniwalan Elementary School ,REGION II,CAGAYAN,CALAYAN WEST,2ND DISTRICT,19.3107055,121.4113308,regionii_cagayan,187.476744,99.01,0,extreme_outlier
2026-13025,500074,San Pedro Integrated School,REGION II,CITY OF ILAGAN,SAN ANTONIO,1ST DISTRICT,17.0221786,121.9922369,regionii_ilagan,17.564703,100,8,extreme_outlier
2026-42356,304316,DR. BEATO C MACAYRA NATIONAL HIGH SCHOOL,REGION XI,DAVAO ORIENTAL,BAGANGA NORTH,1ST DISTRICT,35.126248,60.584326,regionxi_davaooriental,7358.085418,100,0,extreme_outlier
2026-45424,131174,Kanipaan Elementary School,REGION XII,SULTAN KUDARAT,PALIMBANG I,2ND DISTRICT,6.160909,124.255262,regionxii_sultankudarat,75.2694,99.26,7,extreme_outlier
2026-39028,199545,Taponan Elementary School,REGION X,BUKIDNON,DAMULOG,3RD DISTRICT,7.3812787,124.8712546,regionx_bukidnon,91.034337,99.24,3,extreme_outlier
2026-11775,501310,Dibulo Integrated School,REGION II,ISABELA,PALANAN,4TH DISTRICT,16.517592,122.253331,regionii_isabela,79.820724,99.32,3,extreme_outlier
2026-00693,135097,Dilong Elementary School,CAR,ABRA,TUBO,LONE DISTRICT,17.1788396,120.7130507,car_abra,45.551358,99.37,1,extreme_outlier
2026-23838,112379,Palo Elementary School,REGION V,CAMARINES SUR,BATO,5TH DISTRICT,12.868874,121.789455,regionv_camarinessur,177.685871,99.91,0,extreme_outlier
2026-28783,116217,Granada Elementary School,REGION VI,ILOILO,CARLES,5TH DISTRICT,11.5687532,123.2363246,regionvi_iloilo,120.675304,99.06,2,extreme_outlier
2026-44481,130562,Malkahi Elementary School,REGION XII,SARANGANI,MALAPATAN I,LONE DISTRICT,-24.586519,211.00209,regionxii_sarangani,9858.443145,100,0,extreme_outlier
2026-40995,500800,Dukdokaan Integrated School,REGION X,GINGOOG CITY,GINGOOG CITY NORTH-3 DISTRICT,1ST DISTRICT,8.466426,125.248948,regionx_gingoog,35.347011,100,0,extreme_outlier
2026-38762,122392,Bagong Barrio Elementary School,REGION VIII,BORONGAN CITY,BORONGAN SOUTH,LONE DISTRICT,11.482318,125.322676,regionviii_borongan,19.437919,100,2,extreme_outlier
2026-05880,502203,Pag-asa Integrated School,MIMAROPA,PALAWAN,QUEZON NORTH,1ST DISTRICT,8.197451,112.6079459,mimaropa_palawan,667.166803,99.88,0,extreme_outlier
2026-42416,316111,Caatijan National High School,REGION XI,DAVAO ORIENTAL,BOSTON,1ST DISTRICT,7.898141,126.287436,regionxi_davaooriental,106.176488,99.1,3,extreme_outlier
2026-11893,103660,Palacian Elementary School,REGION II,ISABELA,SAN AGUSTIN,4TH DISTRICT,16.4139504,121.7460043,regionii_isabela,82.552245,99.55,8,extreme_outlier
2026-31633,118601,Saguise elementary school,REGION VII,BOHOL,PRES. C. P. GARCIA,2ND DISTRICT,10.1289125,124.5886406,regionvii_bohol,95.5971,99.38,15,extreme_outlier
2026-04401,502736,Pag-asa Tribal Community Integrated School,CARAGA,TANDAG CITY,TANDAG II,1ST DISTRICT,9.042616585,126.0651252,caraga_tandag,15.069198,100,2,extreme_outlier
2026-22481,501789,Aliguay Integrated School,REGION IX,DAPITAN CITY,SULANGON,1ST DISTRICT,8.746892,123.225558,regionix_dapitan,24.014189,100,0,extreme_outlier
2026-39770,127028,Miguela Pogoy Miguela Pogoy Elementary School,REGION X,LANAO DEL NORTE,SULTAN NAGA DIMAPORO,2ND DISTRICT,7.82,123.66,regionx_lanaodelnorte,69.488223,99.22,8,extreme_outlier
2026-02003,221009,Damsite Elementary School,CAR,MT. PROVINCE,PARACELIS,LONE DISTRICT,17.13051389,121.5621722,car_mt,62.178763,99.62,1,extreme_outlier
2026-17698,307820,Bucal National High School - Sta. Mercedes Annex,REGION IV-A,CAVITE,MARAGONDON,7TH DISTRICT,14.6214,121.4512209,iva_cavite,73.501615,100,0,extreme_outlier
2026-19604,109631,Sangley Elementary School,REGION IV-A,CAVITE CITY,CAVITE CITY I DISTRICT,1ST DISTRICT,14.4935867,120.9058349,iva_cavite,24.271346,100,14,extreme_outlier
2026-11529,103273,San Andres Elementary School,REGION II,ISABELA,DELFIN ALBANO,1ST DISTRICT,12.880447,121.774408,regionii_isabela,474.238174,99.77,0,extreme_outlier
2026-24092,112577,Del Gallego Central School,REGION V,CAMARINES SUR,DEL GALLEGO,1ST DISTRICT,13.9225861,122.5974803,regionv_camarinessur,82.589768,99.36,7,extreme_outlier
2026-33196,119874,City Central Elementary School,REGION VII,CEBU CITY,NORTH DISTRICT 1,1ST DISTRICT,12.133173,123.261386,regionvii_cebu,211.348715,100,0,extreme_outlier
2026-28204,305930,Catalino G. Nava Farm School,REGION VI,GUIMARAS,SAN LORENZO (BUENAVISTA III),LONE DISTRICT,14.3037374,120.9044342,regionvi_guimaras,450.816246,100,0,extreme_outlier
2026-01193,318903,Tawangan-Lusod National High School,CAR,BENGUET,KABAYAN,LONE DISTRICT,17.685895,121.68457,car_benguet,179.945155,99.77,0,extreme_outlier
2026-39260,126616,Tagmaray Elementary School,REGION X,BUKIDNON,MALITBOG,1ST DISTRICT,12.625283,124.284662,regionx_bukidnon,504.578061,99.69,0,extreme_outlier
2026-43293,128693,Matanos Elementary School,REGION XI,ISLAND GARDEN CITY OF SAMAL,KAPUTIAN,2ND DISTRICT,6.8938477,125.736594,regionxi_islandgardencitysamal,20.093933,100,7,extreme_outlier
2026-24093,112578,Kinalangan Elementary School,REGION V,CAMARINES SUR,DEL GALLEGO,1ST DISTRICT,13.921445,122.596158,regionv_camarinessur,82.654032,99.45,7,extreme_outlier
2026-13980,158519,Talamsi II ES,REGION III,BULACAN,DONA REMEDIOS TRINIDAD,3RD DISTRICT,15.240649,121.142733,regioniii_bulacan,55.361429,99.02,4,extreme_outlier
2026-22156,303842,La Dicha National High School,REGION IX,ZAMBOANGA SIBUGAY,MALANGAS,1ST DISTRICT,11.383971,122.197623,regionix_zamboangasibugay,401.206926,99.61,0,extreme_outlier
2026-38074,123826,San Vicente Elementary School,REGION VIII,SAMAR (WESTERN SAMAR),TAGAPUL-AN,1ST DISTRICT,12.06993,124.16525,regionviii_samarwesternsamar,84.903133,99.46,10,extreme_outlier
2026-21761,125388,Pictoran Elementary School ,REGION IX,ZAMBOANGA DEL SUR,SOMINOT,1ST DISTRICT,7.580328,120.27832,regionix_zamboangadelsur,348.569411,99.38,0,extreme_outlier
2026-42914,304353,Buda National High School,REGION XI,DAVAO CITY,MARILOG,3RD DISTRICT,7.5201503,125.2341253,regionxi_davao,64.718095,99.32,4,extreme_outlier
2026-09104,101359,Patar Elementary School,REGION I,"PANGASINAN I, LINGAYEN",BOLINAO,1ST DISTRICT,16.3403782,119.7957607,regioni_pangasinanilingayen,57.935328,99.09,3,extreme_outlier
2026-03273,132222,Lanit-ag Elementary School,CARAGA,SIARGAO,SOCORRO EAST DISTRICT,1ST DISTRICT,10.404403,125.799662,caraga_siargao,62.082757,100,0,extreme_outlier
2026-33618,306065,Calavera National High School,REGION VII,"CITY OF NAGA, CEBU",NAGA I,1ST DISTRICT,10.607936,123.8857747,regionvii_nagacebu,46.387861,100,1,extreme_outlier
2026-06285,110987,Malawig Elementary School,MIMAROPA,PALAWAN,CORON INLAND,1ST DISTRICT,12.19724,120.240707,mimaropa_palawan,358.589291,99.05,1,extreme_outlier
2026-10352,502707,Bugnay Integrated School,REGION I,CANDON CITY,DISTRICT II,2ND DISTRICT,17.2084855,120.5042161,regioni_candon,8.189824,100,8,extreme_outlier
2026-01447,220011,MALIGAYA ES,CAR,IFUGAO,ALFONSO LISTA I,LONE DISTRICT,17.0757015,121.5603572,car_ifugao,55.766372,99.62,0,extreme_outlier
2026-39675,126947,Rufino Santos Sr MES,REGION X,LANAO DEL NORTE,BACOLOD,1ST DISTRICT,12.611086,124.879082,regionx_lanaodelnorte,502.420903,99.74,0,extreme_outlier
2026-34629,189527,Bairan Elementary School,NIR,GUIHULNGAN CITY,VALLEHERMOSO,1ST DISTRICT,10.39467,123.29258,nir_guihulngan,30.800491,99.01,8,extreme_outlier
2026-31642,312325,Juanito-Paula Cruse High School,REGION VII,BOHOL,PRES. C. P. GARCIA,2ND DISTRICT,10.1901095,124.5615144,regionvii_bohol,97.100605,99.47,1,extreme_outlier
2026-02739,212057,Datu Madagnas Elementary School,CARAGA,AGUSAN DEL SUR,STA. JOSEFA,2ND DISTRICT,7.9542768,125.9811109,caraga_agusandelsur,66.497851,99.04,5,extreme_outlier
2026-24472,112875,San Isidro Elementary School,REGION V,CAMARINES SUR,PAMPLONA,2ND DISTRICT,13.664108,121.859086,regionv_camarinessur,152.590231,99.73,0,extreme_outlier
2026-23344,112047,Tinopan Elementary School,REGION V,ALBAY,RAPU-RAPU EAST (RAPU-RAPU),2ND DISTRICT,13.21178,124.19499,regionv_albay,50.809448,99.1,9,extreme_outlier
2026-28786,116221,Naborot Elementary School ,REGION VI,ILOILO,CARLES,5TH DISTRICT,11.5853959,123.2165059,regionvi_iloilo,120.875621,99.15,2,extreme_outlier
2026-01304,135659,Mantiyeng Primary School,CAR,BENGUET,MANKAYAN,LONE DISTRICT,16.922455,120.752641,car_benguet,57.979653,99.3,6,extreme_outlier
2026-10127,500054,Federico N. Ceralde Integrated School,REGION I,DAGUPAN CITY,DAGUPAN CITY DISTRICT III,4TH DISTRICT,16.10287,120.3794,regioni_dagupan,8.358855,100,4,extreme_outlier
2026-34480,120081,Tangculogan Elementary School,NIR,BAIS CITY,BAIS CITY NORTH,2ND DISTRICT,9.017549,127.34929,nir_bais,468.705193,100,0,extreme_outlier
2026-00703,305084,Dilong National High School,CAR,ABRA,TUBO,LONE DISTRICT,17.1759992,120.7107816,car_abra,45.909762,99.68,1,extreme_outlier
2026-14843,300939,Tagulod High School,REGION III,PAMPANGA,CANDABA EAST,4TH DISTRICT,15.2068612,120.9147032,regioniii_pampanga,31.333085,99.82,5,extreme_outlier
2026-03083,132086,Calaitan Elementary School,CARAGA,BUTUAN CITY,SOUTH BUTUAN DISTRICT I,1ST DISTRICT,12.918973,121.717488,caraga_butuan,609.700859,100,0,extreme_outlier
2026-15276,105946,Tagulod Elementary School,REGION III,PAMPANGA,CANDABA NORTH,4TH DISTRICT,15.20877,120.91349,regioniii_pampanga,31.366044,100,5,extreme_outlier
2026-09230,300221,Malimpin National High School,REGION I,"PANGASINAN I, LINGAYEN",DASOL,1ST DISTRICT,11.512322,124.013672,regioni_pangasinanilingayen,647.440441,100,0,extreme_outlier
2026-02814,500952,Singapore Integrated School,CARAGA,AGUSAN DEL SUR,TRENTO I,2ND DISTRICT,8.0139205,126.2044906,caraga_agusandelsur,66.54521,99.23,3,extreme_outlier
2026-15744,106653,Legaspi Elementary School,REGION III,TARLAC,SAN MANUEL,1ST DISTRICT,15.8193,120.60671,regioniii_tarlac,37.422038,99.02,16,extreme_outlier
2026-40372,127295,Durias Elementary School,REGION X,MISAMIS OCCIDENTAL,BONIFACIO WEST,2ND DISTRICT,8.0313204,123.6038815,regionx_misamisoccidental,55.23462,99.7,14,extreme_outlier
2026-40916,304126,Besigan National High School,REGION X,CAGAYAN DE ORO CITY,CAGAYAN DE ORO CITY SOUTHWEST DISTRICT II,1ST DISTRICT,8.171001522,124.5655398,regionx_cagayandeoro,30.373552,100,2,extreme_outlier
2026-18185,108460,J. Santiago Elementary School,REGION IV-A,LAGUNA,SANTA MARIA,4TH DISTRICT,14.5642284,121.4436812,iva_laguna,32.100445,99.13,6,extreme_outlier
2026-10402,100797,"Salindeg, Pong-ol, Barraca Elementary School",REGION I,VIGAN CITY,DISTRICT I,1ST DISTRICT,17.523966,120.388233,regioni_vigan,5.736664,100,8,extreme_outlier
2026-10741,502310,Banua-Pilid Integrated School,REGION II,CAGAYAN,CALAYAN WEST,2ND DISTRICT,19.3838362,121.4295133,regionii_cagayan,195.131325,99.75,2,extreme_outlier
2026-23346,172506,Linao Elementary School,REGION V,ALBAY,RAPU-RAPU EAST (RAPU-RAPU),2ND DISTRICT,13.2008099,124.210228,regionv_albay,52.320943,99.46,7,extreme_outlier
2026-23716,173007,Patag Ilaya Elementary School,REGION V,CAMARINES NORTE,STA. ELENA,1ST DISTRICT,14.0680936,122.3316607,regionv_camarinesnorte,67.270537,99.06,5,extreme_outlier
2026-17893,108195,San Ildefonso Elementary School,REGION IV-A,LAGUNA,ALAMINOS,3RD DISTRICT,14.0448466,121.2190605,iva_laguna,33.598611,99.71,10,extreme_outlier
2026-04219,305745,Roma National High School,CARAGA,DINAGAT ISLAND,RIZAL,LONE DISTRICT,14.603407,121.306166,caraga_dinagatisland,678.393534,100,0,extreme_outlier
2026-07823,100189,Paoay East Central Elementary School,REGION I,ILOCOS NORTE,PAOAY,2ND DISTRICT,13.017263,121.35737,regioni_ilocosnorte,582.614577,99.45,0,extreme_outlier
2026-22849,126245,Sinoropan Elementary School,REGION IX,ZAMBOANGA CITY,VITALI,2ND DISTRICT,7.4559639,122.3297243,regionix_zamboanga,67.164954,100,4,extreme_outlier
2026-44628,130539,Pinol Elementary School,REGION XII,SARANGANI,WEST MAITUM,LONE DISTRICT,6.1103189,124.375725,regionxii_sarangani,101.313979,99.39,3,extreme_outlier
2026-33204,119952,Felipe F. Matbagon Memorial Elementary School,REGION VII,LAPU-LAPU CITY,LAPU-LAPU CITY EAST DISTRICT,6TH DISTRICT,10.276992,124.169219,regionvii_lapulapu,24.479301,100,0,extreme_outlier
2026-43148,129773,Apolandia Elemantary School,REGION XI,DIGOS CITY,MT. APO,1ST DISTRICT,6.932485,125.290053,regionxi_digos,22.227177,100,2,extreme_outlier
2026-21794,125417,Tultolan ES,REGION IX,ZAMBOANGA DEL SUR,TABINA,2ND DISTRICT,7.3706208,123.4103188,regionix_zamboangadelsur,53.090476,99.14,8,extreme_outlier
2026-01982,136294,Catao Elementary School,CAR,MT. PROVINCE,PARACELIS,LONE DISTRICT,13.359363,117.534802,car_mt,555.931017,100,0,extreme_outlier
2026-39776,127036,Tagulo ELEMENTARY SCHOOL,REGION X,LANAO DEL NORTE,SULTAN NAGA DIMAPORO,2ND DISTRICT,7.840257,123.6296671,regionx_lanaodelnorte,71.280919,99.48,3,extreme_outlier
2026-28763,116197,Supanga Elementary School,REGION VI,ILOILO,CALINOG II,3RD DISTRICT,12.80316,121.696436,regionvi_iloilo,251.961363,99.74,0,extreme_outlier
2026-22515,125990,Linay Elementary School,REGION IX,DIPOLOG CITY,DIPOLOG CITY SOUTH,2ND DISTRICT,8.3687842,123.3681518,regionix_dipolog,23.380114,100,4,extreme_outlier
2026-25671,113914,Dr. Antero M. Nazareno Elementary School,REGION V,MASBATE,SAN PASCUAL NORTH,1ST DISTRICT,13.1302665,122.9791087,regionv_masbate,109.948479,99.01,12,extreme_outlier
2026-22874,502811,Licomo Integrated School,REGION IX,ZAMBOANGA CITY,VITALI,2ND DISTRICT,7.454449,122.3301297,regionix_zamboanga,67.034011,99.1,4,extreme_outlier
2026-06744,111544,Parang Elementary School,MIMAROPA,CALAPAN CITY,CALAPAN EAST,1ST DISTRICT,11.267304,123.997813,mimaropa_calapan,388.243759,100,0,extreme_outlier
2026-24099,112584,San Juan Elementary School,REGION V,CAMARINES SUR,DEL GALLEGO,1ST DISTRICT,13.9161408,122.6079616,regionv_camarinessur,81.253288,99,8,extreme_outlier
2026-45571,281537,Tanda Elementary School,REGION XII,GENERAL SANTOS CITY,SOUTH FATIMA,1ST DISTRICT,6.09401,124.94491,regionxii_generalsantos,27.024318,99.06,3,extreme_outlier
2026-39000,113453,Apolan Elementary School,REGION X,BUKIDNON,DAMULOG,3RD DISTRICT,7.379643,124.932693,regionx_bukidnon,89.415587,99.08,4,extreme_outlier
2026-04751,110130,Garza Elementary School ,MIMAROPA,OCCIDENTAL MINDORO,MAGSAYSAY,LONE DISTRICT,12.2142252,121.2045622,mimaropa_occidentalmindoro,129.277613,99.17,4,extreme_outlier
2026-28107,115786,Minan PS,REGION VI,CAPIZ,TAPAZ EAST,2ND DISTRICT,11.25179,122.3663,regionvi_capiz,57.592055,99.58,4,extreme_outlier
2026-30723,501800,Tiqui Integrated School,NIR,HIMAMAYLAN CITY,DISTRICT 1,5TH DISTRICT,9.934211,122.966473,nir_himamaylan,21.094286,100,1,extreme_outlier
2026-19252,308110,Francisco P. Felix Memorial National High School - Karangalan Annex,REGION IV-A,RIZAL,CAINTA II,1ST DISTRICT,14.14887,121.52348,iva_rizal,62.222983,99.03,0,extreme_outlier
2026-28785,116219,Lantangan ES,REGION VI,ILOILO,CARLES,5TH DISTRICT,11.58819,123.32331,regionvi_iloilo,128.282394,99.23,5,extreme_outlier
2026-23799,306185,Iyagan National High School,REGION V,CAMARINES SUR,BAAO,5TH DISTRICT,13.71676,124.812479,regionv_camarinessur,167.827891,99.82,0,extreme_outlier
2026-28788,116223,Piagao Primary School,REGION VI,ILOILO,CARLES,5TH DISTRICT,11.62867,123.3421768,regionvi_iloilo,133.057,99.66,5,extreme_outlier
2026-16076,301022,Mena Mem. National High School  (Bolitoc NHS),REGION III,ZAMBALES,STA. CRUZ NORTH,2ND DISTRICT,12.879488,121.794346,regioniii_zambales,334.594593,100,0,extreme_outlier
2026-12486,104193,Balintugon Elementary School,REGION II,NUEVA VIZCAYA,ALFONSO CASTAÃ‘EDA,LONE DISTRICT,15.809352,121.288422,regionii_nuevavizcaya,76.133817,99.21,3,extreme_outlier
2026-20241,108242,Guinting Elementary School,REGION IV-A,CABUYAO CITY,DISTRICT V,2ND DISTRICT,14.1633629,121.0193399,iva_cabuyao,16.416012,100,1,extreme_outlier
2026-05154,170035,Bating Elementary School,MIMAROPA,ORIENTAL MINDORO,BULALACAO,2ND DISTRICT,12.257189,121.26162,mimaropa_orientalmindoro,127.960063,99.64,3,extreme_outlier
2026-07615,136915,Sucat Elementary School Sitio Pagkakaisa - Annex,NCR,MUNTINLUPA CITY,MUNTINLUPA CITY DISTRICT II,LONE DISTRICT,14.465,121.0463001,ncr_muntinlupa,8.585177,100,11,extreme_outlier
2026-45889,137385,Camp Salamat Primary School,REGION IX,ISABELA CITY,ISABELA CITY NORTH DISTRICT,LONE DISTRICT,6.581111,122.025556,regionix_isabela,15.086935,100,5,extreme_outlier
2026-44642,130567,Tocablao Elementary School,REGION XII,SARANGANI,MALAPATAN II,LONE DISTRICT,4.823568,125.289376,regionxii_sarangani,142.242696,99.69,0,extreme_outlier
2026-03035,305946,Pagatpatan National High School,CARAGA,BUTUAN CITY,CENTRAL BUTUAN DISTRICT II,1ST DISTRICT,8.59,125.31,caraga_butuan,44.77783,99.28,0,extreme_outlier
2026-25680,174520,Patrocenio G. Dela Torre Elementary School,REGION V,MASBATE,SAN PASCUAL NORTH,1ST DISTRICT,12.879469,121.773942,regionv_masbate,209.22276,99.72,0,extreme_outlier
2026-28266,179501,Unisan Multigrade School,REGION VI,GUIMARAS,NUEVA VALENCIA SOUTH,LONE DISTRICT,10.3310667,122.58872,regionvi_guimaras,29.645114,99.14,0,extreme_outlier
2026-34421,120545,Camuyogan Elementary School,NIR,TANJAY CITY,TANJAY CITY WEST,2ND DISTRICT,9.54742,122.907699,nir_tanjay,27.944829,100,3,extreme_outlier
2026-39112,306043,Poblacion Kadingilan National High School,REGION X,BUKIDNON,KADINGILAN,3RD DISTRICT,11.815259,125.602238,regionx_bukidnon,409.622641,99.54,0,extreme_outlier
2026-39024,199536,Kitas Elementary School,REGION X,BUKIDNON,DAMULOG,3RD DISTRICT,7.361329,124.8642892,regionx_bukidnon,93.380898,99.39,1,extreme_outlier
2026-29193,116540,Daja Elementary,REGION VI,ILOILO,MAASIN,3RD DISTRICT,13.071703,142.048995,regionvi_iloilo,2135.41436,100,0,extreme_outlier
2026-40384,304028,Bonifacio National High School,REGION X,MISAMIS OCCIDENTAL,BONIFACIO WEST,2ND DISTRICT,8.0497854,123.5659059,regionx_misamisoccidental,55.188615,99.4,9,extreme_outlier
2026-33489,119796,Manipis Elementary School,REGION VII,TALISAY CITY,TALISAY CITY II,6TH DISTRICT,10.321047,123.786347,regionvii_talisay,10.577682,100,9,extreme_outlier
2026-41543,305772,New Visayas National High School,REGION XI,DAVAO DE ORO,MACO NORTH,2ND DISTRICT,8.4393829,125.8990284,regionxi_davaodeoro,96.504278,99.76,0,extreme_outlier
2026-19232,109385,Lunsad Elementary School,REGION IV-A,RIZAL,BINANGONAN II,1ST DISTRICT,12.822981,121.742067,iva_rizal,204.995763,99.68,0,extreme_outlier
2026-36611,122559,Canawayon Elementary School,REGION VIII,EASTERN SAMAR,GUIUAN SOUTH,LONE DISTRICT,10.73216,125.70022,regionviii_easternsamar,100.96789,99.14,4,extreme_outlier
2026-37455,122923,Dao Elementary School,REGION VIII,NORTHERN SAMAR,GAMAY II,2ND DISTRICT,12.4023733,125.3226117,regionviii_northernsamar,75.224071,99.41,7,extreme_outlier
2026-19734,109733,Mayao Castillo Elementary School,REGION IV-A,LUCENA CITY,LUCENA SOUTH DISTRICT,2ND DISTRICT,13.9290063,121.6617125,iva_lucena,5.937161,100,17,extreme_outlier
2026-10734,102590,Dilam Elementary School,REGION II,CAGAYAN,CALAYAN WEST,2ND DISTRICT,19.36893787,121.4829326,regionii_cagayan,192.608997,99.38,2,extreme_outlier
2026-30789,117374,Crossing Tanduay Elementary School,NIR,SIPALAY CITY,DISTRICT 2,6TH DISTRICT,9.82598,122.5734,nir_sipalay,19.953834,100,5,extreme_outlier
2026-02968,131901,Candiis Elementary School,CARAGA,AGUSAN DEL SUR,VERUELA II,2ND DISTRICT,7.9255654,125.8837867,caraga_agusandelsur,69.761604,100,1,extreme_outlier
2026-00611,135191,Nangas-Asan Primary School,CAR,ABRA,SALLAPADAN,LONE DISTRICT,10.357518,124.411261,car_abra,892.516346,100,0,extreme_outlier
2026-33661,119937,Magsaysay MES,NIR,DUMAGUETE CITY,DUMAGUETE CITY NORTH DISTRICT,2ND DISTRICT,9.324207,123.328867,nir_dumaguete,4.62418,100,12,extreme_outlier
